-- +goose Up
-- 20140818150825_add-tobii-sentry.sql

-- Make sure sims4 plumbob statue isn't using Sentry's PID as its bootloader anymore
UPDATE physical_devices set bootloader_product_id = 272110848
WHERE product_id = 272110848;
-- Tobii Sentry device add
INSERT INTO devices(id, product_id, name, full_name, type, settings) VALUES (32, 272105488, 'tobii_sentry', 'Sentry', 5, '{}');
INSERT INTO physical_devices(product_id, bootloader_product_id, name, full_name) values(272105488, 272105488, 'tobii_sentry', 'Sentry');
INSERT INTO devices_to_physical_devices(physical_device_product_id, main_device_product_id) values(272105488, 272105488);

-- 20140829133834_ConsolidatedApexCreation.sql

INSERT INTO devices(id, product_id, name, full_name, type, settings) VALUES (33, 272110082, 'apex', 'Apex', 0, '{}');
INSERT INTO physical_devices(product_id, bootloader_product_id, name, full_name) values(272110082, 272110083, 'apex', 'Apex');
INSERT INTO devices_to_physical_devices(physical_device_product_id, main_device_product_id) values(272110082, 272110082);
UPDATE devices
SET settings = '{ "button_mappings": {"buttons": [{"function":999,"key_codes":[4]},{"function":999,"key_codes":[5]},{"function":999,"key_codes":[6]},{"function":999,"key_codes":[7]},{"function":999,"key_codes":[8]},{"function":999,"key_codes":[9]},{"function":999,"key_codes":[10]},{"function":999,"key_codes":[11]},{"function":999,"key_codes":[12]},{"function":999,"key_codes":[13]},{"function":999,"key_codes":[14]},{"function":999,"key_codes":[15]},{"function":999,"key_codes":[16]},{"function":999,"key_codes":[17]},{"function":999,"key_codes":[18]},{"function":999,"key_codes":[19]},{"function":999,"key_codes":[20]},{"function":999,"key_codes":[21]},{"function":999,"key_codes":[22]},{"function":999,"key_codes":[23]},{"function":999,"key_codes":[24]},{"function":999,"key_codes":[25]},{"function":999,"key_codes":[26]},{"function":999,"key_codes":[27]},{"function":999,"key_codes":[28]},{"function":999,"key_codes":[29]},{"function":999,"key_codes":[30]},{"function":999,"key_codes":[31]},{"function":999,"key_codes":[32]},{"function":999,"key_codes":[33]},{"function":999,"key_codes":[34]},{"function":999,"key_codes":[35]},{"function":999,"key_codes":[36]},{"function":999,"key_codes":[37]},{"function":999,"key_codes":[38]},{"function":999,"key_codes":[39]},{"function":999,"key_codes":[40]},{"function":999,"key_codes":[41]},{"function":999,"key_codes":[42]},{"function":999,"key_codes":[43]},{"function":999,"key_codes":[44]},{"function":999,"key_codes":[45]},{"function":999,"key_codes":[46]},{"function":999,"key_codes":[47]},{"function":999,"key_codes":[48]},{"function":999,"key_codes":[49]},{"function":999,"key_codes":[50]},{"function":999,"key_codes":[51]},{"function":999,"key_codes":[52]},{"function":999,"key_codes":[53]},{"function":999,"key_codes":[54]},{"function":999,"key_codes":[55]},{"function":999,"key_codes":[56]},{"function":999,"key_codes":[57]},{"function":999,"key_codes":[58]},{"function":999,"key_codes":[59]},{"function":999,"key_codes":[60]},{"function":999,"key_codes":[61]},{"function":999,"key_codes":[62]},{"function":999,"key_codes":[63]},{"function":999,"key_codes":[64]},{"function":999,"key_codes":[65]},{"function":999,"key_codes":[66]},{"function":999,"key_codes":[67]},{"function":999,"key_codes":[68]},{"function":999,"key_codes":[69]},{"function":999,"key_codes":[70]},{"function":999,"key_codes":[71]},{"function":999,"key_codes":[72]},{"function":999,"key_codes":[73]},{"function":999,"key_codes":[74]},{"function":999,"key_codes":[75]},{"function":999,"key_codes":[76]},{"function":999,"key_codes":[77]},{"function":999,"key_codes":[78]},{"function":999,"key_codes":[79]},{"function":999,"key_codes":[80]},{"function":999,"key_codes":[81]},{"function":999,"key_codes":[82]},{"function":999,"key_codes":[83]},{"function":999,"key_codes":[84]},{"function":999,"key_codes":[85]},{"function":999,"key_codes":[86]},{"function":999,"key_codes":[87]},{"function":999,"key_codes":[88]},{"function":999,"key_codes":[89]},{"function":999,"key_codes":[90]},{"function":999,"key_codes":[91]},{"function":999,"key_codes":[92]},{"function":999,"key_codes":[93]},{"function":999,"key_codes":[94]},{"function":999,"key_codes":[95]},{"function":999,"key_codes":[96]},{"function":999,"key_codes":[97]},{"function":999,"key_codes":[98]},{"function":999,"key_codes":[99]},{"function":999,"key_codes":[100]},{"function":999,"key_codes":[101]},{"function":999,"key_codes":[135]},{"function":999,"key_codes":[136]},{"function":999,"key_codes":[137]},{"function":999,"key_codes":[138]},{"function":999,"key_codes":[139]},{"function":999,"key_codes":[144]},{"function":999,"key_codes":[145]},{"function":0,"key_codes":[0]},{"function":0,"key_codes":[0]},{"function":0,"key_codes":[0]},{"function":0,"key_codes":[0]},{"function":999,"key_codes":[224]},{"function":999,"key_codes":[225]},{"function":999,"key_codes":[226]},{"function":999,"key_codes":[227]},{"function":999,"key_codes":[228]},{"function":999,"key_codes":[229]},{"function":999,"key_codes":[230]},{"function":0,"key_codes":[0]},{"function":0,"key_codes":[0]},{"function":0,"key_codes":[0]},{"function":0,"key_codes":[0]},{"function":0,"key_codes":[0]},{"function":0,"key_codes":[0]},{"function":0,"key_codes":[0]},{"function":0,"key_codes":[0]},{"function":0,"key_codes":[0]},{"function":0,"key_codes":[0]},{"function":0,"key_codes":[0]},{"function":0,"key_codes":[0]},{"function":0,"key_codes":[0]},{"function":0,"key_codes":[0]},{"function":0,"key_codes":[0]},{"function":0,"key_codes":[0]},{"function":0,"key_codes":[0]},{"function":0,"key_codes":[0]},{"function":0,"key_codes":[0]},{"function":0,"key_codes":[0]},{"function":0,"key_codes":[0]},{"function":0,"key_codes":[0]}], "no_live_deploy":1 }, "region_layout_id":1, "color":{ "regions": [ {"color": {"red": 255, "green": 0, "blue": 0}, "brightness": {"level": 8} }, {"color": {"red": 0, "green": 255, "blue": 0}, "brightness": {"level": 8 } }, { "color": {"red": 0, "green": 0, "blue": 255}, "brightness": {"level": 8} }, {"color": {"red": 255, "green": 100, "blue": 0}, "brightness": {"level": 8 } }, {"color": { "red": 255, "green": 0, "blue": 255}, "brightness": {"level": 8} } ] }, "apex_color_sequence": {"repeat":"", "data":[]} }',
undeployedsettings = '{"illumination_disabled": 0 }'
WHERE id=33;

-- 20140915110546_UpdateApexColorAPI.sql

UPDATE devices
SET settings = '{ "button_mappings": {"buttons": [{"function":999,"key_codes":[4]},{"function":999,"key_codes":[5]},{"function":999,"key_codes":[6]},{"function":999,"key_codes":[7]},{"function":999,"key_codes":[8]},{"function":999,"key_codes":[9]},{"function":999,"key_codes":[10]},{"function":999,"key_codes":[11]},{"function":999,"key_codes":[12]},{"function":999,"key_codes":[13]},{"function":999,"key_codes":[14]},{"function":999,"key_codes":[15]},{"function":999,"key_codes":[16]},{"function":999,"key_codes":[17]},{"function":999,"key_codes":[18]},{"function":999,"key_codes":[19]},{"function":999,"key_codes":[20]},{"function":999,"key_codes":[21]},{"function":999,"key_codes":[22]},{"function":999,"key_codes":[23]},{"function":999,"key_codes":[24]},{"function":999,"key_codes":[25]},{"function":999,"key_codes":[26]},{"function":999,"key_codes":[27]},{"function":999,"key_codes":[28]},{"function":999,"key_codes":[29]},{"function":999,"key_codes":[30]},{"function":999,"key_codes":[31]},{"function":999,"key_codes":[32]},{"function":999,"key_codes":[33]},{"function":999,"key_codes":[34]},{"function":999,"key_codes":[35]},{"function":999,"key_codes":[36]},{"function":999,"key_codes":[37]},{"function":999,"key_codes":[38]},{"function":999,"key_codes":[39]},{"function":999,"key_codes":[40]},{"function":999,"key_codes":[41]},{"function":999,"key_codes":[42]},{"function":999,"key_codes":[43]},{"function":999,"key_codes":[44]},{"function":999,"key_codes":[45]},{"function":999,"key_codes":[46]},{"function":999,"key_codes":[47]},{"function":999,"key_codes":[48]},{"function":999,"key_codes":[49]},{"function":999,"key_codes":[50]},{"function":999,"key_codes":[51]},{"function":999,"key_codes":[52]},{"function":999,"key_codes":[53]},{"function":999,"key_codes":[54]},{"function":999,"key_codes":[55]},{"function":999,"key_codes":[56]},{"function":999,"key_codes":[57]},{"function":999,"key_codes":[58]},{"function":999,"key_codes":[59]},{"function":999,"key_codes":[60]},{"function":999,"key_codes":[61]},{"function":999,"key_codes":[62]},{"function":999,"key_codes":[63]},{"function":999,"key_codes":[64]},{"function":999,"key_codes":[65]},{"function":999,"key_codes":[66]},{"function":999,"key_codes":[67]},{"function":999,"key_codes":[68]},{"function":999,"key_codes":[69]},{"function":999,"key_codes":[70]},{"function":999,"key_codes":[71]},{"function":999,"key_codes":[72]},{"function":999,"key_codes":[73]},{"function":999,"key_codes":[74]},{"function":999,"key_codes":[75]},{"function":999,"key_codes":[76]},{"function":999,"key_codes":[77]},{"function":999,"key_codes":[78]},{"function":999,"key_codes":[79]},{"function":999,"key_codes":[80]},{"function":999,"key_codes":[81]},{"function":999,"key_codes":[82]},{"function":999,"key_codes":[83]},{"function":999,"key_codes":[84]},{"function":999,"key_codes":[85]},{"function":999,"key_codes":[86]},{"function":999,"key_codes":[87]},{"function":999,"key_codes":[88]},{"function":999,"key_codes":[89]},{"function":999,"key_codes":[90]},{"function":999,"key_codes":[91]},{"function":999,"key_codes":[92]},{"function":999,"key_codes":[93]},{"function":999,"key_codes":[94]},{"function":999,"key_codes":[95]},{"function":999,"key_codes":[96]},{"function":999,"key_codes":[97]},{"function":999,"key_codes":[98]},{"function":999,"key_codes":[99]},{"function":999,"key_codes":[100]},{"function":999,"key_codes":[101]},{"function":999,"key_codes":[135]},{"function":999,"key_codes":[136]},{"function":999,"key_codes":[137]},{"function":999,"key_codes":[138]},{"function":999,"key_codes":[139]},{"function":999,"key_codes":[144]},{"function":999,"key_codes":[145]},{"function":0,"key_codes":[0]},{"function":0,"key_codes":[0]},{"function":0,"key_codes":[0]},{"function":0,"key_codes":[0]},{"function":999,"key_codes":[224]},{"function":999,"key_codes":[225]},{"function":999,"key_codes":[226]},{"function":999,"key_codes":[227]},{"function":999,"key_codes":[228]},{"function":999,"key_codes":[229]},{"function":999,"key_codes":[230]},{"function":0,"key_codes":[0]},{"function":0,"key_codes":[0]},{"function":0,"key_codes":[0]},{"function":0,"key_codes":[0]},{"function":0,"key_codes":[0]},{"function":0,"key_codes":[0]},{"function":0,"key_codes":[0]},{"function":0,"key_codes":[0]},{"function":0,"key_codes":[0]},{"function":0,"key_codes":[0]},{"function":0,"key_codes":[0]},{"function":0,"key_codes":[0]},{"function":0,"key_codes":[0]},{"function":0,"key_codes":[0]},{"function":0,"key_codes":[0]},{"function":0,"key_codes":[0]},{"function":0,"key_codes":[0]},{"function":0,"key_codes":[0]},{"function":0,"key_codes":[0]},{"function":0,"key_codes":[0]},{"function":0,"key_codes":[0]},{"function":0,"key_codes":[0]}], "no_live_deploy":1 }, "region_layout_id": { "id": 1 }, "z1_color": {"red": 255, "green": 0, "blue": 0}, "apex_z1_color_sequence": {"repeat":"", "data":[]},"z2_color": {"red": 0, "green": 255, "blue": 0}, "apex_z2_color_sequence": {"repeat":"", "data":[]},"z3_color": {"red": 0, "green": 0, "blue": 255}, "apex_z3_color_sequence": {"repeat":"", "data":[]},"z4_color": {"red": 255, "green": 100, "blue": 0}, "apex_z4_color_sequence": {"repeat":"", "data":[]},"z5_color": {"red": 255, "green":0, "blue": 255}, "apex_z5_color_sequence": {"repeat":"", "data":[]}, "global_brightness": { "level": 8 }, "polling_rate": { "level": 1 } }'
WHERE id=33;

-- 20140926100321_UpdateApexUndeployedSettings.sql

UPDATE devices
SET undeployedsettings = '{"z1_illumination_disabled": 0, "z2_illumination_disabled": 0, "z3_illumination_disabled": 0, "z4_illumination_disabled": 0, "z5_illumination_disabled": 0 }'
WHERE id=33;

-- 20140926165908_AddBindingPlaybackOptions.sql

ALTER TABLE bindings add playback_options_data TEXT NOT NULL DEFAULT '{ "type": 0, "num_repeat": 1, "repeat_delay": 15}';

-- 20141029132408_AddDefaultAndImmutableBindingAndSseCommands.sql

create table initial_bindings (
	id int NOT NULL,
	type text NOT NULL DEFAULT '',
	default_config_device_id int NOT NULL DEFAULT 0,
	immutable_config_id int NOT NULL DEFAULT 0,
	trigger_data text NOT NULL DEFAULT '',
	initial_sse_command_id int NOT NULL DEFAULT 0,
	transparent_macro_data text NOT NULL DEFAULT '',
	playback_options_data text NOT NULL DEFAULT ''
);
create table initial_sse_commands (
	id int NOT NULL,
	command_type text NOT NULL DEFAULT '',
	display_name text NOT NULL DEFAULT '',
	path text NOT NULL DEFAULT '',
	params text NOT NULL DEFAULT ''
);
alter table immutable_configurations add uid UUID DEFAULT '';
-- Add UIDs for existing immutable configurations
update immutable_configurations set uid='670516b5-2370-4926-429b-d503d88a6ede' where id=4;
update immutable_configurations set uid='483fd6e4-87d0-4376-7d8a-aff71c284326' where id=5;
update immutable_configurations set uid='a940a6d1-601f-4f58-7afa-4cfdc4b88227' where id=6;
update immutable_configurations set uid='59bbd926-8222-4729-7df0-77ccdd6729b4' where id=7;
update immutable_configurations set uid='7dc4f313-703b-4e78-7ad1-36c583bdc28e' where id=8;
update immutable_configurations set uid='fca03037-e6a9-4212-472f-30fab397ca46' where id=9;
update immutable_configurations set uid='887d4da2-42a7-4a5a-64bc-8d6d0ef83299' where id=10;
update immutable_configurations set uid='204de4e7-a2e2-4baf-4ddd-fdf5665cb9a2' where id=11;
update immutable_configurations set uid='99710ce3-b16f-45c0-633f-5f6f503330e7' where id=12;
update immutable_configurations set uid='f96f1492-d296-4f72-4399-72bc1ee80d64' where id=13;
update immutable_configurations set uid='f93267c6-655c-4077-7582-2d6a7a80a76c' where id=14;

-- 20141029132440_AddApexImmutableConfigsAndBindingsAndSseCommands.sql

-- Immutable Configurations for layer 2, 3, 4
insert into immutable_configurations(id, device_id, name, settings, undeployedsettings,uid) VALUES
(15, 33, 'Layer 2',
'{ "button_mappings": {"buttons": [{"function":999,"key_codes":[4]},{"function":999,"key_codes":[5]},{"function":999,"key_codes":[6]},{"function":999,"key_codes":[7]},{"function":999,"key_codes":[8]},{"function":999,"key_codes":[9]},{"function":999,"key_codes":[10]},{"function":999,"key_codes":[11]},{"function":999,"key_codes":[12]},{"function":999,"key_codes":[13]},{"function":999,"key_codes":[14]},{"function":999,"key_codes":[15]},{"function":999,"key_codes":[16]},{"function":999,"key_codes":[17]},{"function":999,"key_codes":[18]},{"function":999,"key_codes":[19]},{"function":999,"key_codes":[20]},{"function":999,"key_codes":[21]},{"function":999,"key_codes":[22]},{"function":999,"key_codes":[23]},{"function":999,"key_codes":[24]},{"function":999,"key_codes":[25]},{"function":999,"key_codes":[26]},{"function":999,"key_codes":[27]},{"function":999,"key_codes":[28]},{"function":999,"key_codes":[29]},{"function":999,"key_codes":[30]},{"function":999,"key_codes":[31]},{"function":999,"key_codes":[32]},{"function":999,"key_codes":[33]},{"function":999,"key_codes":[34]},{"function":999,"key_codes":[35]},{"function":999,"key_codes":[36]},{"function":999,"key_codes":[37]},{"function":999,"key_codes":[38]},{"function":999,"key_codes":[39]},{"function":999,"key_codes":[40]},{"function":999,"key_codes":[41]},{"function":999,"key_codes":[42]},{"function":999,"key_codes":[43]},{"function":999,"key_codes":[44]},{"function":999,"key_codes":[45]},{"function":999,"key_codes":[46]},{"function":999,"key_codes":[47]},{"function":999,"key_codes":[48]},{"function":999,"key_codes":[49]},{"function":999,"key_codes":[50]},{"function":999,"key_codes":[51]},{"function":999,"key_codes":[52]},{"function":999,"key_codes":[53]},{"function":999,"key_codes":[54]},{"function":999,"key_codes":[55]},{"function":999,"key_codes":[56]},{"function":999,"key_codes":[57]},{"function":999,"key_codes":[58]},{"function":999,"key_codes":[59]},{"function":999,"key_codes":[60]},{"function":999,"key_codes":[61]},{"function":999,"key_codes":[62]},{"function":999,"key_codes":[63]},{"function":999,"key_codes":[64]},{"function":999,"key_codes":[65]},{"function":999,"key_codes":[66]},{"function":999,"key_codes":[67]},{"function":999,"key_codes":[68]},{"function":999,"key_codes":[69]},{"function":999,"key_codes":[70]},{"function":999,"key_codes":[71]},{"function":999,"key_codes":[72]},{"function":999,"key_codes":[73]},{"function":999,"key_codes":[74]},{"function":999,"key_codes":[75]},{"function":999,"key_codes":[76]},{"function":999,"key_codes":[77]},{"function":999,"key_codes":[78]},{"function":999,"key_codes":[79]},{"function":999,"key_codes":[80]},{"function":999,"key_codes":[81]},{"function":999,"key_codes":[82]},{"function":999,"key_codes":[83]},{"function":999,"key_codes":[84]},{"function":999,"key_codes":[85]},{"function":999,"key_codes":[86]},{"function":999,"key_codes":[87]},{"function":999,"key_codes":[88]},{"function":999,"key_codes":[89]},{"function":999,"key_codes":[90]},{"function":999,"key_codes":[91]},{"function":999,"key_codes":[92]},{"function":999,"key_codes":[93]},{"function":999,"key_codes":[94]},{"function":999,"key_codes":[95]},{"function":999,"key_codes":[96]},{"function":999,"key_codes":[97]},{"function":999,"key_codes":[98]},{"function":999,"key_codes":[99]},{"function":999,"key_codes":[100]},{"function":999,"key_codes":[101]},{"function":999,"key_codes":[135]},{"function":999,"key_codes":[136]},{"function":999,"key_codes":[137]},{"function":999,"key_codes":[138]},{"function":999,"key_codes":[139]},{"function":999,"key_codes":[144]},{"function":999,"key_codes":[145]},{"function":0,"key_codes":[0]},{"function":0,"key_codes":[0]},{"function":0,"key_codes":[0]},{"function":0,"key_codes":[0]},{"function":999,"key_codes":[224]},{"function":999,"key_codes":[225]},{"function":999,"key_codes":[226]},{"function":999,"key_codes":[227]},{"function":999,"key_codes":[228]},{"function":999,"key_codes":[229]},{"function":999,"key_codes":[230]},{"function":0,"key_codes":[0]},{"function":0,"key_codes":[0]},{"function":0,"key_codes":[0]},{"function":0,"key_codes":[0]},{"function":0,"key_codes":[0]},{"function":0,"key_codes":[0]},{"function":0,"key_codes":[0]},{"function":0,"key_codes":[0]},{"function":0,"key_codes":[0]},{"function":0,"key_codes":[0]},{"function":0,"key_codes":[0]},{"function":0,"key_codes":[0]},{"function":0,"key_codes":[0]},{"function":0,"key_codes":[0]},{"function":0,"key_codes":[0]},{"function":0,"key_codes":[0]},{"function":0,"key_codes":[0]},{"function":0,"key_codes":[0]},{"function":0,"key_codes":[0]},{"function":0,"key_codes":[0]},{"function":0,"key_codes":[0]},{"function":0,"key_codes":[0]}], "no_live_deploy":1 }, "region_layout_id": { "id": 1 }, "z1_color": {"red": 0, "green": 255, "blue": 255}, "apex_z1_color_sequence": {"repeat":"", "data":[]},"z2_color": {"red": 0, "green": 255, "blue": 255}, "apex_z2_color_sequence": {"repeat":"", "data":[]},"z3_color": {"red": 0, "green": 255, "blue": 255}, "apex_z3_color_sequence": {"repeat":"", "data":[]},"z4_color": {"red": 0, "green": 255, "blue": 255}, "apex_z4_color_sequence": {"repeat":"", "data":[]},"z5_color": {"red": 0, "green":255, "blue": 255}, "apex_z5_color_sequence": {"repeat":"", "data":[]}, "global_brightness": { "level": 8 }, "polling_rate": { "level": 1 } }',
'{"z1_illumination_disabled": 0, "z2_illumination_disabled": 0, "z3_illumination_disabled": 0, "z4_illumination_disabled": 0, "z5_illumination_disabled": 0 }',
'0a57f306-82a6-41dc-4ca4-f93333927ac1'
);
insert into immutable_configurations(id, device_id, name, settings, undeployedsettings,uid) VALUES
(16, 33, 'Layer 3',
'{ "button_mappings": {"buttons": [{"function":999,"key_codes":[4]},{"function":999,"key_codes":[5]},{"function":999,"key_codes":[6]},{"function":999,"key_codes":[7]},{"function":999,"key_codes":[8]},{"function":999,"key_codes":[9]},{"function":999,"key_codes":[10]},{"function":999,"key_codes":[11]},{"function":999,"key_codes":[12]},{"function":999,"key_codes":[13]},{"function":999,"key_codes":[14]},{"function":999,"key_codes":[15]},{"function":999,"key_codes":[16]},{"function":999,"key_codes":[17]},{"function":999,"key_codes":[18]},{"function":999,"key_codes":[19]},{"function":999,"key_codes":[20]},{"function":999,"key_codes":[21]},{"function":999,"key_codes":[22]},{"function":999,"key_codes":[23]},{"function":999,"key_codes":[24]},{"function":999,"key_codes":[25]},{"function":999,"key_codes":[26]},{"function":999,"key_codes":[27]},{"function":999,"key_codes":[28]},{"function":999,"key_codes":[29]},{"function":999,"key_codes":[30]},{"function":999,"key_codes":[31]},{"function":999,"key_codes":[32]},{"function":999,"key_codes":[33]},{"function":999,"key_codes":[34]},{"function":999,"key_codes":[35]},{"function":999,"key_codes":[36]},{"function":999,"key_codes":[37]},{"function":999,"key_codes":[38]},{"function":999,"key_codes":[39]},{"function":999,"key_codes":[40]},{"function":999,"key_codes":[41]},{"function":999,"key_codes":[42]},{"function":999,"key_codes":[43]},{"function":999,"key_codes":[44]},{"function":999,"key_codes":[45]},{"function":999,"key_codes":[46]},{"function":999,"key_codes":[47]},{"function":999,"key_codes":[48]},{"function":999,"key_codes":[49]},{"function":999,"key_codes":[50]},{"function":999,"key_codes":[51]},{"function":999,"key_codes":[52]},{"function":999,"key_codes":[53]},{"function":999,"key_codes":[54]},{"function":999,"key_codes":[55]},{"function":999,"key_codes":[56]},{"function":999,"key_codes":[57]},{"function":999,"key_codes":[58]},{"function":999,"key_codes":[59]},{"function":999,"key_codes":[60]},{"function":999,"key_codes":[61]},{"function":999,"key_codes":[62]},{"function":999,"key_codes":[63]},{"function":999,"key_codes":[64]},{"function":999,"key_codes":[65]},{"function":999,"key_codes":[66]},{"function":999,"key_codes":[67]},{"function":999,"key_codes":[68]},{"function":999,"key_codes":[69]},{"function":999,"key_codes":[70]},{"function":999,"key_codes":[71]},{"function":999,"key_codes":[72]},{"function":999,"key_codes":[73]},{"function":999,"key_codes":[74]},{"function":999,"key_codes":[75]},{"function":999,"key_codes":[76]},{"function":999,"key_codes":[77]},{"function":999,"key_codes":[78]},{"function":999,"key_codes":[79]},{"function":999,"key_codes":[80]},{"function":999,"key_codes":[81]},{"function":999,"key_codes":[82]},{"function":999,"key_codes":[83]},{"function":999,"key_codes":[84]},{"function":999,"key_codes":[85]},{"function":999,"key_codes":[86]},{"function":999,"key_codes":[87]},{"function":999,"key_codes":[88]},{"function":999,"key_codes":[89]},{"function":999,"key_codes":[90]},{"function":999,"key_codes":[91]},{"function":999,"key_codes":[92]},{"function":999,"key_codes":[93]},{"function":999,"key_codes":[94]},{"function":999,"key_codes":[95]},{"function":999,"key_codes":[96]},{"function":999,"key_codes":[97]},{"function":999,"key_codes":[98]},{"function":999,"key_codes":[99]},{"function":999,"key_codes":[100]},{"function":999,"key_codes":[101]},{"function":999,"key_codes":[135]},{"function":999,"key_codes":[136]},{"function":999,"key_codes":[137]},{"function":999,"key_codes":[138]},{"function":999,"key_codes":[139]},{"function":999,"key_codes":[144]},{"function":999,"key_codes":[145]},{"function":0,"key_codes":[0]},{"function":0,"key_codes":[0]},{"function":0,"key_codes":[0]},{"function":0,"key_codes":[0]},{"function":999,"key_codes":[224]},{"function":999,"key_codes":[225]},{"function":999,"key_codes":[226]},{"function":999,"key_codes":[227]},{"function":999,"key_codes":[228]},{"function":999,"key_codes":[229]},{"function":999,"key_codes":[230]},{"function":0,"key_codes":[0]},{"function":0,"key_codes":[0]},{"function":0,"key_codes":[0]},{"function":0,"key_codes":[0]},{"function":0,"key_codes":[0]},{"function":0,"key_codes":[0]},{"function":0,"key_codes":[0]},{"function":0,"key_codes":[0]},{"function":0,"key_codes":[0]},{"function":0,"key_codes":[0]},{"function":0,"key_codes":[0]},{"function":0,"key_codes":[0]},{"function":0,"key_codes":[0]},{"function":0,"key_codes":[0]},{"function":0,"key_codes":[0]},{"function":0,"key_codes":[0]},{"function":0,"key_codes":[0]},{"function":0,"key_codes":[0]},{"function":0,"key_codes":[0]},{"function":0,"key_codes":[0]},{"function":0,"key_codes":[0]},{"function":0,"key_codes":[0]}], "no_live_deploy":1 }, "region_layout_id": { "id": 1 }, "z1_color": {"red": 0, "green": 255, "blue": 0}, "apex_z1_color_sequence": {"repeat":"", "data":[]},"z2_color": {"red": 255, "green": 255, "blue": 0}, "apex_z2_color_sequence": {"repeat":"", "data":[]},"z3_color": {"red": 255, "green": 255, "blue": 0}, "apex_z3_color_sequence": {"repeat":"", "data":[]},"z4_color": {"red": 255, "green": 255, "blue": 0}, "apex_z4_color_sequence": {"repeat":"", "data":[]},"z5_color": {"red": 255, "green":255, "blue": 0}, "apex_z5_color_sequence": {"repeat":"", "data":[]}, "global_brightness": { "level": 8 }, "polling_rate": { "level": 1 } }',
'{"z1_illumination_disabled": 0, "z2_illumination_disabled": 0, "z3_illumination_disabled": 0, "z4_illumination_disabled": 0, "z5_illumination_disabled": 0 }',
'ff33dc35-ebb0-4a5c-48ac-1a776a101ddb'
);
insert into immutable_configurations(id, device_id, name, settings, undeployedsettings,uid) VALUES
(17, 33, 'Layer 4',
'{ "button_mappings": {"buttons": [{"function":999,"key_codes":[4]},{"function":999,"key_codes":[5]},{"function":999,"key_codes":[6]},{"function":999,"key_codes":[7]},{"function":999,"key_codes":[8]},{"function":999,"key_codes":[9]},{"function":999,"key_codes":[10]},{"function":999,"key_codes":[11]},{"function":999,"key_codes":[12]},{"function":999,"key_codes":[13]},{"function":999,"key_codes":[14]},{"function":999,"key_codes":[15]},{"function":999,"key_codes":[16]},{"function":999,"key_codes":[17]},{"function":999,"key_codes":[18]},{"function":999,"key_codes":[19]},{"function":999,"key_codes":[20]},{"function":999,"key_codes":[21]},{"function":999,"key_codes":[22]},{"function":999,"key_codes":[23]},{"function":999,"key_codes":[24]},{"function":999,"key_codes":[25]},{"function":999,"key_codes":[26]},{"function":999,"key_codes":[27]},{"function":999,"key_codes":[28]},{"function":999,"key_codes":[29]},{"function":999,"key_codes":[30]},{"function":999,"key_codes":[31]},{"function":999,"key_codes":[32]},{"function":999,"key_codes":[33]},{"function":999,"key_codes":[34]},{"function":999,"key_codes":[35]},{"function":999,"key_codes":[36]},{"function":999,"key_codes":[37]},{"function":999,"key_codes":[38]},{"function":999,"key_codes":[39]},{"function":999,"key_codes":[40]},{"function":999,"key_codes":[41]},{"function":999,"key_codes":[42]},{"function":999,"key_codes":[43]},{"function":999,"key_codes":[44]},{"function":999,"key_codes":[45]},{"function":999,"key_codes":[46]},{"function":999,"key_codes":[47]},{"function":999,"key_codes":[48]},{"function":999,"key_codes":[49]},{"function":999,"key_codes":[50]},{"function":999,"key_codes":[51]},{"function":999,"key_codes":[52]},{"function":999,"key_codes":[53]},{"function":999,"key_codes":[54]},{"function":999,"key_codes":[55]},{"function":999,"key_codes":[56]},{"function":999,"key_codes":[57]},{"function":999,"key_codes":[58]},{"function":999,"key_codes":[59]},{"function":999,"key_codes":[60]},{"function":999,"key_codes":[61]},{"function":999,"key_codes":[62]},{"function":999,"key_codes":[63]},{"function":999,"key_codes":[64]},{"function":999,"key_codes":[65]},{"function":999,"key_codes":[66]},{"function":999,"key_codes":[67]},{"function":999,"key_codes":[68]},{"function":999,"key_codes":[69]},{"function":999,"key_codes":[70]},{"function":999,"key_codes":[71]},{"function":999,"key_codes":[72]},{"function":999,"key_codes":[73]},{"function":999,"key_codes":[74]},{"function":999,"key_codes":[75]},{"function":999,"key_codes":[76]},{"function":999,"key_codes":[77]},{"function":999,"key_codes":[78]},{"function":999,"key_codes":[79]},{"function":999,"key_codes":[80]},{"function":999,"key_codes":[81]},{"function":999,"key_codes":[82]},{"function":999,"key_codes":[83]},{"function":999,"key_codes":[84]},{"function":999,"key_codes":[85]},{"function":999,"key_codes":[86]},{"function":999,"key_codes":[87]},{"function":999,"key_codes":[88]},{"function":999,"key_codes":[89]},{"function":999,"key_codes":[90]},{"function":999,"key_codes":[91]},{"function":999,"key_codes":[92]},{"function":999,"key_codes":[93]},{"function":999,"key_codes":[94]},{"function":999,"key_codes":[95]},{"function":999,"key_codes":[96]},{"function":999,"key_codes":[97]},{"function":999,"key_codes":[98]},{"function":999,"key_codes":[99]},{"function":999,"key_codes":[100]},{"function":999,"key_codes":[101]},{"function":999,"key_codes":[135]},{"function":999,"key_codes":[136]},{"function":999,"key_codes":[137]},{"function":999,"key_codes":[138]},{"function":999,"key_codes":[139]},{"function":999,"key_codes":[144]},{"function":999,"key_codes":[145]},{"function":0,"key_codes":[0]},{"function":0,"key_codes":[0]},{"function":0,"key_codes":[0]},{"function":0,"key_codes":[0]},{"function":999,"key_codes":[224]},{"function":999,"key_codes":[225]},{"function":999,"key_codes":[226]},{"function":999,"key_codes":[227]},{"function":999,"key_codes":[228]},{"function":999,"key_codes":[229]},{"function":999,"key_codes":[230]},{"function":0,"key_codes":[0]},{"function":0,"key_codes":[0]},{"function":0,"key_codes":[0]},{"function":0,"key_codes":[0]},{"function":0,"key_codes":[0]},{"function":0,"key_codes":[0]},{"function":0,"key_codes":[0]},{"function":0,"key_codes":[0]},{"function":0,"key_codes":[0]},{"function":0,"key_codes":[0]},{"function":0,"key_codes":[0]},{"function":0,"key_codes":[0]},{"function":0,"key_codes":[0]},{"function":0,"key_codes":[0]},{"function":0,"key_codes":[0]},{"function":0,"key_codes":[0]},{"function":0,"key_codes":[0]},{"function":0,"key_codes":[0]},{"function":0,"key_codes":[0]},{"function":0,"key_codes":[0]},{"function":0,"key_codes":[0]},{"function":0,"key_codes":[0]}], "no_live_deploy":1 }, "region_layout_id": { "id": 1 }, "z1_color": {"red": 255, "green": 0, "blue": 255}, "apex_z1_color_sequence": {"repeat":"", "data":[]},"z2_color": {"red": 0, "green": 255, "blue": 0}, "apex_z2_color_sequence": {"repeat":"", "data":[]},"z3_color": {"red": 255, "green": 0, "blue": 0}, "apex_z3_color_sequence": {"repeat":"", "data":[]},"z4_color": {"red": 255, "green": 255, "blue": 0}, "apex_z4_color_sequence": {"repeat":"", "data":[]},"z5_color": {"red": 255, "green":255, "blue": 255}, "apex_z5_color_sequence": {"repeat":"", "data":[]}, "global_brightness": { "level": 8 }, "polling_rate": { "level": 1 } }',
'{"z1_illumination_disabled": 0, "z2_illumination_disabled": 0, "z3_illumination_disabled": 0, "z4_illumination_disabled": 0, "z5_illumination_disabled": 0 }',
'bba4d573-f80f-4b0e-6f8f-59014286dd49'
);
-- Initial SSE commands
insert into initial_sse_commands(id,command_type,display_name,path,params) VALUES
(1,'deploy_configs','Apex Default','','{"configIds":["#DEFAULTCONFIG_DEVICE_33"]}');
insert into initial_sse_commands(id,command_type,display_name,path,params) VALUES
(2,'deploy_configs','Apex Default','','{"configIds":["#DEFAULTCONFIG_DEVICE_33"]}');
insert into initial_sse_commands(id,command_type,display_name,path,params) VALUES
(3,'deploy_configs','Apex Default','','{"configIds":["#DEFAULTCONFIG_DEVICE_33"]}');
insert into initial_sse_commands(id,command_type,display_name,path,params) VALUES
(4,'deploy_configs','Apex Layer 2','','{"configIds":["0a57f306-82a6-41dc-4ca4-f93333927ac1"]}');
insert into initial_sse_commands(id,command_type,display_name,path,params) VALUES
(5,'deploy_configs','Apex Layer 2','','{"configIds":["0a57f306-82a6-41dc-4ca4-f93333927ac1"]}');
insert into initial_sse_commands(id,command_type,display_name,path,params) VALUES
(6,'deploy_configs','Apex Layer 2','','{"configIds":["0a57f306-82a6-41dc-4ca4-f93333927ac1"]}');
insert into initial_sse_commands(id,command_type,display_name,path,params) VALUES
(7,'deploy_configs','Apex Layer 3','','{"configIds":["ff33dc35-ebb0-4a5c-48ac-1a776a101ddb"]}');
insert into initial_sse_commands(id,command_type,display_name,path,params) VALUES
(8,'deploy_configs','Apex Layer 3','','{"configIds":["ff33dc35-ebb0-4a5c-48ac-1a776a101ddb"]}');
insert into initial_sse_commands(id,command_type,display_name,path,params) VALUES
(9,'deploy_configs','Apex Layer 3','','{"configIds":["ff33dc35-ebb0-4a5c-48ac-1a776a101ddb"]}');
insert into initial_sse_commands(id,command_type,display_name,path,params) VALUES
(10,'deploy_configs','Apex Layer 4','','{"configIds":["bba4d573-f80f-4b0e-6f8f-59014286dd49"]}');
insert into initial_sse_commands(id,command_type,display_name,path,params) VALUES
(11,'deploy_configs','Apex Layer 4','','{"configIds":["bba4d573-f80f-4b0e-6f8f-59014286dd49"]}');
insert into initial_sse_commands(id,command_type,display_name,path,params) VALUES
(12,'deploy_configs','Apex Layer 4','','{"configIds":["bba4d573-f80f-4b0e-6f8f-59014286dd49"]}');
-- Initial bindings to the initial sse commands
-- default config, deploy layer 2
insert into initial_bindings(id,type,default_config_device_id,immutable_config_id,trigger_data,initial_sse_command_id,playback_options_data)
VALUES (1,'sse_command',33,0,'{"hidCode":169,"page":1,"type":2,"direction":1}',4,'{ "type": 0, "num_repeat": 1, "repeat_delay": 15}');
-- default config, deploy layer 3
insert into initial_bindings(id,type,default_config_device_id,immutable_config_id,trigger_data,initial_sse_command_id,playback_options_data)
VALUES (2,'sse_command',33,0,'{"hidCode":170,"page":1,"type":2,"direction":1}',7,'{ "type": 0, "num_repeat": 1, "repeat_delay": 15}');
-- default config, deploy layer 4
insert into initial_bindings(id,type,default_config_device_id,immutable_config_id,trigger_data,initial_sse_command_id,playback_options_data)
VALUES (3,'sse_command',33,0,'{"hidCode":171,"page":1,"type":2,"direction":1}',10,'{ "type": 0, "num_repeat": 1, "repeat_delay": 15}');
-- layer 2 config, deploy default
insert into initial_bindings(id,type,default_config_device_id,immutable_config_id,trigger_data,initial_sse_command_id,playback_options_data)
VALUES (4,'sse_command',0,15,'{"hidCode":168,"page":1,"type":2,"direction":1}',1,'{ "type": 0, "num_repeat": 1, "repeat_delay": 15}');
-- layer 2 config, deploy layer 3
insert into initial_bindings(id,type,default_config_device_id,immutable_config_id,trigger_data,initial_sse_command_id,playback_options_data)
VALUES (5,'sse_command',0,15,'{"hidCode":170,"page":1,"type":2,"direction":1}',8,'{ "type": 0, "num_repeat": 1, "repeat_delay": 15}');
-- layer 2 config, deploy layer 4
insert into initial_bindings(id,type,default_config_device_id,immutable_config_id,trigger_data,initial_sse_command_id,playback_options_data)
VALUES (6,'sse_command',0,15,'{"hidCode":171,"page":1,"type":2,"direction":1}',11,'{ "type": 0, "num_repeat": 1, "repeat_delay": 15}');
-- layer 3 config, deploy default
insert into initial_bindings(id,type,default_config_device_id,immutable_config_id,trigger_data,initial_sse_command_id,playback_options_data)
VALUES (7,'sse_command',0,16,'{"hidCode":168,"page":1,"type":2,"direction":1}',2,'{ "type": 0, "num_repeat": 1, "repeat_delay": 15}');
-- layer 3 config, deploy layer 2
insert into initial_bindings(id,type,default_config_device_id,immutable_config_id,trigger_data,initial_sse_command_id,playback_options_data)
VALUES (8,'sse_command',0,16,'{"hidCode":169,"page":1,"type":2,"direction":1}',5,'{ "type": 0, "num_repeat": 1, "repeat_delay": 15}');
-- layer 2 config, deploy layer 4
insert into initial_bindings(id,type,default_config_device_id,immutable_config_id,trigger_data,initial_sse_command_id,playback_options_data)
VALUES (9,'sse_command',0,16,'{"hidCode":171,"page":1,"type":2,"direction":1}',12,'{ "type": 0, "num_repeat": 1, "repeat_delay": 15}');
-- layer 4 config, deploy default
insert into initial_bindings(id,type,default_config_device_id,immutable_config_id,trigger_data,initial_sse_command_id,playback_options_data)
VALUES (10,'sse_command',0,17,'{"hidCode":168,"page":1,"type":2,"direction":1}',3,'{ "type": 0, "num_repeat": 1, "repeat_delay": 15}');
-- layer 3 config, deploy layer 2
insert into initial_bindings(id,type,default_config_device_id,immutable_config_id,trigger_data,initial_sse_command_id,playback_options_data)
VALUES (11,'sse_command',0,17,'{"hidCode":169,"page":1,"type":2,"direction":1}',6,'{ "type": 0, "num_repeat": 1, "repeat_delay": 15}');
-- layer 4 config, deploy layer 3
insert into initial_bindings(id,type,default_config_device_id,immutable_config_id,trigger_data,initial_sse_command_id,playback_options_data)
VALUES (12,'sse_command',0,17,'{"hidCode":170,"page":1,"type":2,"direction":1}',9,'{ "type": 0, "num_repeat": 1, "repeat_delay": 15}');

-- Update Schema Version

UPDATE application_metadata SET value = value + 1 where key = 'SCHEMA_VERSION_MAJOR';

-- +goose Down
