-- +goose Up
-- 20160116000000_AddTobiiGT72.sql

INSERT INTO devices (id, product_id, name, full_name, type, settings, undeployedsettings, hidden) VALUES (71, 553910400, 'tobii_eyetracker_gt72', 'Tobii Eyetracker - GT72', 5, '{}', '{}', 1);
INSERT INTO physical_devices (product_id, bootloader_product_id, name, full_name) values(553910400, 553910400, 'tobii_eyetracker_gt72', 'Tobii Eyetracker - GT72');
INSERT INTO devices_to_physical_devices (physical_device_product_id, main_device_product_id) values(553910400, 553910400);

-- 20160116000001_AddMSIGT72.sql

-- Add GT72 as a device
INSERT INTO devices (id, product_id, name, full_name, type, settings, undeployedsettings) VALUES (72, 272113667, 'msi_gt72', 'MSI GT72', 0,
'{"button_mappings":{"buttons":[{"function":999,"key_codes":[240]},{"function":999,"key_codes":[4]},{"function":999,"key_codes":[5]},{"function":999,"key_codes":[6]},{"function":999,"key_codes":[7]},{"function":999,"key_codes":[8]},{"function":999,"key_codes":[9]},{"function":999,"key_codes":[10]},{"function":999,"key_codes":[11]},{"function":999,"key_codes":[12]},{"function":999,"key_codes":[13]},{"function":999,"key_codes":[14]},{"function":999,"key_codes":[15]},{"function":999,"key_codes":[16]},{"function":999,"key_codes":[17]},{"function":999,"key_codes":[18]},{"function":999,"key_codes":[19]},{"function":999,"key_codes":[20]},{"function":999,"key_codes":[21]},{"function":999,"key_codes":[22]},{"function":999,"key_codes":[23]},{"function":999,"key_codes":[24]},{"function":999,"key_codes":[25]},{"function":999,"key_codes":[26]},{"function":999,"key_codes":[27]},{"function":999,"key_codes":[28]},{"function":999,"key_codes":[29]},{"function":999,"key_codes":[30]},{"function":999,"key_codes":[31]},{"function":999,"key_codes":[32]},{"function":999,"key_codes":[33]},{"function":999,"key_codes":[34]},{"function":999,"key_codes":[35]},{"function":999,"key_codes":[36]},{"function":999,"key_codes":[37]},{"function":999,"key_codes":[38]},{"function":999,"key_codes":[39]},{"function":999,"key_codes":[40]},{"function":999,"key_codes":[41]},{"function":999,"key_codes":[42]},{"function":999,"key_codes":[43]},{"function":999,"key_codes":[44]},{"function":999,"key_codes":[45]},{"function":999,"key_codes":[46]},{"function":999,"key_codes":[47]},{"function":999,"key_codes":[48]},{"function":999,"key_codes":[49]},{"function":999,"key_codes":[50]},{"function":999,"key_codes":[51]},{"function":999,"key_codes":[52]},{"function":999,"key_codes":[53]},{"function":999,"key_codes":[54]},{"function":999,"key_codes":[55]},{"function":999,"key_codes":[56]},{"function":999,"key_codes":[57]},{"function":999,"key_codes":[58]},{"function":999,"key_codes":[59]},{"function":999,"key_codes":[60]},{"function":999,"key_codes":[61]},{"function":999,"key_codes":[62]},{"function":999,"key_codes":[63]},{"function":999,"key_codes":[64]},{"function":999,"key_codes":[65]},{"function":999,"key_codes":[66]},{"function":999,"key_codes":[67]},{"function":999,"key_codes":[68]},{"function":999,"key_codes":[69]},{"function":999,"key_codes":[70]},{"function":999,"key_codes":[71]},{"function":999,"key_codes":[72]},{"function":999,"key_codes":[73]},{"function":999,"key_codes":[74]},{"function":999,"key_codes":[75]},{"function":999,"key_codes":[76]},{"function":999,"key_codes":[77]},{"function":999,"key_codes":[78]},{"function":999,"key_codes":[79]},{"function":999,"key_codes":[80]},{"function":999,"key_codes":[81]},{"function":999,"key_codes":[82]},{"function":999,"key_codes":[83]},{"function":999,"key_codes":[84]},{"function":999,"key_codes":[85]},{"function":999,"key_codes":[86]},{"function":999,"key_codes":[87]},{"function":999,"key_codes":[88]},{"function":999,"key_codes":[89]},{"function":999,"key_codes":[90]},{"function":999,"key_codes":[91]},{"function":999,"key_codes":[92]},{"function":999,"key_codes":[93]},{"function":999,"key_codes":[94]},{"function":999,"key_codes":[95]},{"function":999,"key_codes":[96]},{"function":999,"key_codes":[97]},{"function":999,"key_codes":[98]},{"function":999,"key_codes":[99]},{"function":999,"key_codes":[100]},{"function":999,"key_codes":[135]},{"function":999,"key_codes":[136]},{"function":999,"key_codes":[137]},{"function":999,"key_codes":[138]},{"function":999,"key_codes":[139]},{"function":999,"key_codes":[144]},{"function":999,"key_codes":[145]},{"function":999,"key_codes":[224]},{"function":999,"key_codes":[225]},{"function":999,"key_codes":[226]},{"function":999,"key_codes":[228]},{"function":999,"key_codes":[229]},{"function":999,"key_codes":[230]},{"function":999,"key_codes":[231]},{"function":999,"key_codes":[233]},{"function":999,"key_codes":[234]},{"function":999,"key_codes":[235]},{"function":999,"key_codes":[236]},{"function":999,"key_codes":[237]},{"function":999,"key_codes":[238]},{"function":999,"key_codes":[239]},{"function":999,"key_codes":[241]},{"function":999,"key_codes":[242]},{"function":999,"key_codes":[243]}],"no_live_deploy":1},"msi_z1_color_sequence":{"repeat":"","data":[]},"msi_z2_color_sequence":{"repeat":"","data":[]},"msi_z3_color_sequence":{"repeat":"","data":[]},"msi_z4_color_sequence":{"repeat":"","data":[]},"msi_z5_color_sequence":{"repeat":"","data":[]},"msi_z6_color_sequence":{"repeat":"","data":[]},"msi_z7_color_sequence":{"repeat":"","data":[]},"msi_klm_illumination":{"regular_mode_zone_colors":[{"red":255,"green":0,"blue":0},{"red":0,"green":255,"blue":0},{"red":0,"green":0,"blue":255},{"red":255,"green":0,"blue":0},{"red":255,"green":0,"blue":0},{"red":255,"green":0,"blue":0},{"red":255,"green":0,"blue":0}],"sleep_mode_zone_colors":[{"red":255,"green":0,"blue":0},{"red":0,"green":255,"blue":0},{"red":0,"green":0,"blue":255},{"red":255,"green":0,"blue":0},{"red":255,"green":0,"blue":0},{"red":255,"green":0,"blue":0},{"red":255,"green":0,"blue":0}],"regular_mode":1,"sleep_mode":7},"global_brightness":{"level":3}}',
'{"msi_region_layout_id":{"id":3},"z1_illumination_disabled":0,"z2_illumination_disabled":0,"z3_illumination_disabled":0,"z4_illumination_disabled":0,"z5_illumination_disabled":0,"z6_illumination_disabled":0,"z7_illumination_disabled":0}');
INSERT INTO physical_devices(product_id, bootloader_product_id, name, full_name) values(272113667, 272113667, 'msi_gt72', 'MSI GT72');
INSERT INTO devices_to_physical_devices(physical_device_product_id, main_device_product_id) values(272113667, 272113667);
-- Insert alternate initial configs for the GT72
INSERT INTO initial_configurations (id, device_id, name, settings, undeployedsettings) VALUES (
27, 72, 'Default 2',
'{"button_mappings":{"buttons":[{"function":999,"key_codes":[240]},{"function":999,"key_codes":[4]},{"function":999,"key_codes":[5]},{"function":999,"key_codes":[6]},{"function":999,"key_codes":[7]},{"function":999,"key_codes":[8]},{"function":999,"key_codes":[9]},{"function":999,"key_codes":[10]},{"function":999,"key_codes":[11]},{"function":999,"key_codes":[12]},{"function":999,"key_codes":[13]},{"function":999,"key_codes":[14]},{"function":999,"key_codes":[15]},{"function":999,"key_codes":[16]},{"function":999,"key_codes":[17]},{"function":999,"key_codes":[18]},{"function":999,"key_codes":[19]},{"function":999,"key_codes":[20]},{"function":999,"key_codes":[21]},{"function":999,"key_codes":[22]},{"function":999,"key_codes":[23]},{"function":999,"key_codes":[24]},{"function":999,"key_codes":[25]},{"function":999,"key_codes":[26]},{"function":999,"key_codes":[27]},{"function":999,"key_codes":[28]},{"function":999,"key_codes":[29]},{"function":999,"key_codes":[30]},{"function":999,"key_codes":[31]},{"function":999,"key_codes":[32]},{"function":999,"key_codes":[33]},{"function":999,"key_codes":[34]},{"function":999,"key_codes":[35]},{"function":999,"key_codes":[36]},{"function":999,"key_codes":[37]},{"function":999,"key_codes":[38]},{"function":999,"key_codes":[39]},{"function":999,"key_codes":[40]},{"function":999,"key_codes":[41]},{"function":999,"key_codes":[42]},{"function":999,"key_codes":[43]},{"function":999,"key_codes":[44]},{"function":999,"key_codes":[45]},{"function":999,"key_codes":[46]},{"function":999,"key_codes":[47]},{"function":999,"key_codes":[48]},{"function":999,"key_codes":[49]},{"function":999,"key_codes":[50]},{"function":999,"key_codes":[51]},{"function":999,"key_codes":[52]},{"function":999,"key_codes":[53]},{"function":999,"key_codes":[54]},{"function":999,"key_codes":[55]},{"function":999,"key_codes":[56]},{"function":999,"key_codes":[57]},{"function":999,"key_codes":[58]},{"function":999,"key_codes":[59]},{"function":999,"key_codes":[60]},{"function":999,"key_codes":[61]},{"function":999,"key_codes":[62]},{"function":999,"key_codes":[63]},{"function":999,"key_codes":[64]},{"function":999,"key_codes":[65]},{"function":999,"key_codes":[66]},{"function":999,"key_codes":[67]},{"function":999,"key_codes":[68]},{"function":999,"key_codes":[69]},{"function":999,"key_codes":[70]},{"function":999,"key_codes":[71]},{"function":999,"key_codes":[72]},{"function":999,"key_codes":[73]},{"function":999,"key_codes":[74]},{"function":999,"key_codes":[75]},{"function":999,"key_codes":[76]},{"function":999,"key_codes":[77]},{"function":999,"key_codes":[78]},{"function":999,"key_codes":[79]},{"function":999,"key_codes":[80]},{"function":999,"key_codes":[81]},{"function":999,"key_codes":[82]},{"function":999,"key_codes":[83]},{"function":999,"key_codes":[84]},{"function":999,"key_codes":[85]},{"function":999,"key_codes":[86]},{"function":999,"key_codes":[87]},{"function":999,"key_codes":[88]},{"function":999,"key_codes":[89]},{"function":999,"key_codes":[90]},{"function":999,"key_codes":[91]},{"function":999,"key_codes":[92]},{"function":999,"key_codes":[93]},{"function":999,"key_codes":[94]},{"function":999,"key_codes":[95]},{"function":999,"key_codes":[96]},{"function":999,"key_codes":[97]},{"function":999,"key_codes":[98]},{"function":999,"key_codes":[99]},{"function":999,"key_codes":[100]},{"function":999,"key_codes":[135]},{"function":999,"key_codes":[136]},{"function":999,"key_codes":[137]},{"function":999,"key_codes":[138]},{"function":999,"key_codes":[139]},{"function":999,"key_codes":[144]},{"function":999,"key_codes":[145]},{"function":999,"key_codes":[224]},{"function":999,"key_codes":[225]},{"function":999,"key_codes":[226]},{"function":999,"key_codes":[228]},{"function":999,"key_codes":[229]},{"function":999,"key_codes":[230]},{"function":999,"key_codes":[231]},{"function":999,"key_codes":[233]},{"function":999,"key_codes":[234]},{"function":999,"key_codes":[235]},{"function":999,"key_codes":[236]},{"function":999,"key_codes":[237]},{"function":999,"key_codes":[238]},{"function":999,"key_codes":[239]},{"function":999,"key_codes":[241]},{"function":999,"key_codes":[242]},{"function":999,"key_codes":[243]}],"no_live_deploy":1},"msi_z1_color_sequence":{"repeat":255,"data":[[0,0,0],[13,0,0],[26,0,0],[39,0,0],[53,0,0],[66,0,0],[79,0,0],[92,0,0],[106,0,0],[119,0,0],[132,0,0],[146,0,0],[159,0,0],[172,0,0],[185,0,0],[199,0,0],[212,0,0],[225,0,0],[239,0,0],[252,0,0],[240,0,0],[228,0,0],[217,0,0],[205,0,0],[193,0,0],[182,0,0],[170,0,0],[158,0,0],[146,0,0],[135,0,0],[123,0,0],[112,0,0],[100,0,0],[88,0,0],[77,0,0],[65,0,0],[53,0,0],[41,0,0],[30,0,0],[18,0,0],[7,0,0],[19,13,0],[32,26,0],[45,39,0],[58,53,0],[71,66,0],[84,79,0],[97,92,0],[110,106,0],[123,119,0],[136,132,0],[149,146,0],[162,159,0],[174,172,0],[187,185,0],[200,199,0],[213,212,0],[226,225,0],[239,239,0],[252,252,0],[238,238,0],[225,225,0],[212,212,0],[199,199,0],[186,186,0],[173,173,0],[160,160,0],[146,146,0],[133,133,0],[120,120,0],[107,107,0],[94,94,0],[81,81,0],[68,68,0],[55,55,0],[41,41,0],[28,28,0],[15,15,0],[2,2,0],[1,13,0],[1,25,0],[1,37,0],[1,48,0],[1,60,0],[1,72,0],[1,83,0],[1,95,0],[1,107,0],[1,119,0],[0,130,0],[0,142,0],[0,154,0],[0,165,0],[0,177,0],[0,189,0],[0,201,0],[0,212,0],[0,224,0],[0,236,0],[0,247,0],[0,234,0],[0,221,0],[0,208,0],[0,195,0],[0,182,0],[0,169,0],[0,156,0],[0,144,0],[0,131,0],[0,118,0],[0,105,0],[0,92,0],[0,79,0],[0,66,0],[0,54,0],[0,41,0],[0,28,0],[0,15,0],[0,2,0],[0,15,13],[0,28,26],[0,41,39],[0,54,53],[0,67,66],[0,81,79],[0,94,92],[0,107,106],[0,120,119],[0,133,132],[0,146,146],[0,160,159],[0,173,172],[0,186,185],[0,199,199],[0,212,212],[0,226,225],[0,239,239],[0,252,252],[0,240,240],[0,228,228],[0,217,217],[0,205,205],[0,193,193],[0,182,182],[0,170,170],[0,158,158],[0,146,146],[0,135,135],[0,123,123],[0,112,112],[0,100,100],[0,88,88],[0,77,77],[0,65,65],[0,53,53],[0,41,41],[0,30,30],[0,18,18],[0,7,7],[0,6,19],[0,6,32],[0,5,45],[0,5,58],[0,5,71],[0,4,84],[0,4,97],[0,4,110],[0,3,123],[0,3,136],[0,2,149],[0,2,162],[0,2,174],[0,1,187],[0,1,200],[0,1,213],[0,0,226],[0,0,239],[0,0,252],[0,0,238],[0,0,225],[0,0,212],[0,0,199],[0,0,186],[0,0,173],[0,0,160],[0,0,146],[0,0,133],[0,0,120],[0,0,107],[0,0,94],[0,0,81],[0,0,68],[0,0,55],[0,0,41],[0,0,28],[0,0,15],[0,0,2],[11,0,13],[23,0,25],[35,0,37],[47,0,48],[59,0,60],[70,0,72],[82,0,83],[94,0,95],[106,0,107],[118,0,119],[129,0,130],[141,0,142],[153,0,154],[165,0,165],[177,0,177],[188,0,189],[200,0,201],[212,0,212],[224,0,224],[236,0,236],[247,0,247],[234,0,234],[221,0,221],[208,0,208],[195,0,195],[182,0,182],[169,0,169],[156,0,156],[144,0,144],[131,0,131],[118,0,118],[105,0,105],[92,0,92],[79,0,79],[66,0,66],[54,0,54],[41,0,41],[28,0,28],[15,0,15],[2,0,2],[0,0,0]]},"msi_z2_color_sequence":{"repeat":255,"data":[[0,0,0],[13,0,0],[26,0,0],[39,0,0],[53,0,0],[66,0,0],[79,0,0],[92,0,0],[106,0,0],[119,0,0],[132,0,0],[146,0,0],[159,0,0],[172,0,0],[185,0,0],[199,0,0],[212,0,0],[225,0,0],[239,0,0],[252,0,0],[240,0,0],[228,0,0],[217,0,0],[205,0,0],[193,0,0],[182,0,0],[170,0,0],[158,0,0],[146,0,0],[135,0,0],[123,0,0],[112,0,0],[100,0,0],[88,0,0],[77,0,0],[65,0,0],[53,0,0],[41,0,0],[30,0,0],[18,0,0],[7,0,0],[19,13,0],[32,26,0],[45,39,0],[58,53,0],[71,66,0],[84,79,0],[97,92,0],[110,106,0],[123,119,0],[136,132,0],[149,146,0],[162,159,0],[174,172,0],[187,185,0],[200,199,0],[213,212,0],[226,225,0],[239,239,0],[252,252,0],[238,238,0],[225,225,0],[212,212,0],[199,199,0],[186,186,0],[173,173,0],[160,160,0],[146,146,0],[133,133,0],[120,120,0],[107,107,0],[94,94,0],[81,81,0],[68,68,0],[55,55,0],[41,41,0],[28,28,0],[15,15,0],[2,2,0],[1,13,0],[1,25,0],[1,37,0],[1,48,0],[1,60,0],[1,72,0],[1,83,0],[1,95,0],[1,107,0],[1,119,0],[0,130,0],[0,142,0],[0,154,0],[0,165,0],[0,177,0],[0,189,0],[0,201,0],[0,212,0],[0,224,0],[0,236,0],[0,247,0],[0,234,0],[0,221,0],[0,208,0],[0,195,0],[0,182,0],[0,169,0],[0,156,0],[0,144,0],[0,131,0],[0,118,0],[0,105,0],[0,92,0],[0,79,0],[0,66,0],[0,54,0],[0,41,0],[0,28,0],[0,15,0],[0,2,0],[0,15,13],[0,28,26],[0,41,39],[0,54,53],[0,67,66],[0,81,79],[0,94,92],[0,107,106],[0,120,119],[0,133,132],[0,146,146],[0,160,159],[0,173,172],[0,186,185],[0,199,199],[0,212,212],[0,226,225],[0,239,239],[0,252,252],[0,240,240],[0,228,228],[0,217,217],[0,205,205],[0,193,193],[0,182,182],[0,170,170],[0,158,158],[0,146,146],[0,135,135],[0,123,123],[0,112,112],[0,100,100],[0,88,88],[0,77,77],[0,65,65],[0,53,53],[0,41,41],[0,30,30],[0,18,18],[0,7,7],[0,6,19],[0,6,32],[0,5,45],[0,5,58],[0,5,71],[0,4,84],[0,4,97],[0,4,110],[0,3,123],[0,3,136],[0,2,149],[0,2,162],[0,2,174],[0,1,187],[0,1,200],[0,1,213],[0,0,226],[0,0,239],[0,0,252],[0,0,238],[0,0,225],[0,0,212],[0,0,199],[0,0,186],[0,0,173],[0,0,160],[0,0,146],[0,0,133],[0,0,120],[0,0,107],[0,0,94],[0,0,81],[0,0,68],[0,0,55],[0,0,41],[0,0,28],[0,0,15],[0,0,2],[11,0,13],[23,0,25],[35,0,37],[47,0,48],[59,0,60],[70,0,72],[82,0,83],[94,0,95],[106,0,107],[118,0,119],[129,0,130],[141,0,142],[153,0,154],[165,0,165],[177,0,177],[188,0,189],[200,0,201],[212,0,212],[224,0,224],[236,0,236],[247,0,247],[234,0,234],[221,0,221],[208,0,208],[195,0,195],[182,0,182],[169,0,169],[156,0,156],[144,0,144],[131,0,131],[118,0,118],[105,0,105],[92,0,92],[79,0,79],[66,0,66],[54,0,54],[41,0,41],[28,0,28],[15,0,15],[2,0,2],[0,0,0]]},"msi_z3_color_sequence":{"repeat":255,"data":[[0,0,0],[13,0,0],[26,0,0],[39,0,0],[53,0,0],[66,0,0],[79,0,0],[92,0,0],[106,0,0],[119,0,0],[132,0,0],[146,0,0],[159,0,0],[172,0,0],[185,0,0],[199,0,0],[212,0,0],[225,0,0],[239,0,0],[252,0,0],[240,0,0],[228,0,0],[217,0,0],[205,0,0],[193,0,0],[182,0,0],[170,0,0],[158,0,0],[146,0,0],[135,0,0],[123,0,0],[112,0,0],[100,0,0],[88,0,0],[77,0,0],[65,0,0],[53,0,0],[41,0,0],[30,0,0],[18,0,0],[7,0,0],[19,13,0],[32,26,0],[45,39,0],[58,53,0],[71,66,0],[84,79,0],[97,92,0],[110,106,0],[123,119,0],[136,132,0],[149,146,0],[162,159,0],[174,172,0],[187,185,0],[200,199,0],[213,212,0],[226,225,0],[239,239,0],[252,252,0],[238,238,0],[225,225,0],[212,212,0],[199,199,0],[186,186,0],[173,173,0],[160,160,0],[146,146,0],[133,133,0],[120,120,0],[107,107,0],[94,94,0],[81,81,0],[68,68,0],[55,55,0],[41,41,0],[28,28,0],[15,15,0],[2,2,0],[1,13,0],[1,25,0],[1,37,0],[1,48,0],[1,60,0],[1,72,0],[1,83,0],[1,95,0],[1,107,0],[1,119,0],[0,130,0],[0,142,0],[0,154,0],[0,165,0],[0,177,0],[0,189,0],[0,201,0],[0,212,0],[0,224,0],[0,236,0],[0,247,0],[0,234,0],[0,221,0],[0,208,0],[0,195,0],[0,182,0],[0,169,0],[0,156,0],[0,144,0],[0,131,0],[0,118,0],[0,105,0],[0,92,0],[0,79,0],[0,66,0],[0,54,0],[0,41,0],[0,28,0],[0,15,0],[0,2,0],[0,15,13],[0,28,26],[0,41,39],[0,54,53],[0,67,66],[0,81,79],[0,94,92],[0,107,106],[0,120,119],[0,133,132],[0,146,146],[0,160,159],[0,173,172],[0,186,185],[0,199,199],[0,212,212],[0,226,225],[0,239,239],[0,252,252],[0,240,240],[0,228,228],[0,217,217],[0,205,205],[0,193,193],[0,182,182],[0,170,170],[0,158,158],[0,146,146],[0,135,135],[0,123,123],[0,112,112],[0,100,100],[0,88,88],[0,77,77],[0,65,65],[0,53,53],[0,41,41],[0,30,30],[0,18,18],[0,7,7],[0,6,19],[0,6,32],[0,5,45],[0,5,58],[0,5,71],[0,4,84],[0,4,97],[0,4,110],[0,3,123],[0,3,136],[0,2,149],[0,2,162],[0,2,174],[0,1,187],[0,1,200],[0,1,213],[0,0,226],[0,0,239],[0,0,252],[0,0,238],[0,0,225],[0,0,212],[0,0,199],[0,0,186],[0,0,173],[0,0,160],[0,0,146],[0,0,133],[0,0,120],[0,0,107],[0,0,94],[0,0,81],[0,0,68],[0,0,55],[0,0,41],[0,0,28],[0,0,15],[0,0,2],[11,0,13],[23,0,25],[35,0,37],[47,0,48],[59,0,60],[70,0,72],[82,0,83],[94,0,95],[106,0,107],[118,0,119],[129,0,130],[141,0,142],[153,0,154],[165,0,165],[177,0,177],[188,0,189],[200,0,201],[212,0,212],[224,0,224],[236,0,236],[247,0,247],[234,0,234],[221,0,221],[208,0,208],[195,0,195],[182,0,182],[169,0,169],[156,0,156],[144,0,144],[131,0,131],[118,0,118],[105,0,105],[92,0,92],[79,0,79],[66,0,66],[54,0,54],[41,0,41],[28,0,28],[15,0,15],[2,0,2],[0,0,0]]},"msi_z4_color_sequence":{"repeat":255,"data":[[0,0,0],[13,0,0],[26,0,0],[39,0,0],[53,0,0],[66,0,0],[79,0,0],[92,0,0],[106,0,0],[119,0,0],[132,0,0],[146,0,0],[159,0,0],[172,0,0],[185,0,0],[199,0,0],[212,0,0],[225,0,0],[239,0,0],[252,0,0],[240,0,0],[228,0,0],[217,0,0],[205,0,0],[193,0,0],[182,0,0],[170,0,0],[158,0,0],[146,0,0],[135,0,0],[123,0,0],[112,0,0],[100,0,0],[88,0,0],[77,0,0],[65,0,0],[53,0,0],[41,0,0],[30,0,0],[18,0,0],[7,0,0],[19,13,0],[32,26,0],[45,39,0],[58,53,0],[71,66,0],[84,79,0],[97,92,0],[110,106,0],[123,119,0],[136,132,0],[149,146,0],[162,159,0],[174,172,0],[187,185,0],[200,199,0],[213,212,0],[226,225,0],[239,239,0],[252,252,0],[238,238,0],[225,225,0],[212,212,0],[199,199,0],[186,186,0],[173,173,0],[160,160,0],[146,146,0],[133,133,0],[120,120,0],[107,107,0],[94,94,0],[81,81,0],[68,68,0],[55,55,0],[41,41,0],[28,28,0],[15,15,0],[2,2,0],[1,13,0],[1,25,0],[1,37,0],[1,48,0],[1,60,0],[1,72,0],[1,83,0],[1,95,0],[1,107,0],[1,119,0],[0,130,0],[0,142,0],[0,154,0],[0,165,0],[0,177,0],[0,189,0],[0,201,0],[0,212,0],[0,224,0],[0,236,0],[0,247,0],[0,234,0],[0,221,0],[0,208,0],[0,195,0],[0,182,0],[0,169,0],[0,156,0],[0,144,0],[0,131,0],[0,118,0],[0,105,0],[0,92,0],[0,79,0],[0,66,0],[0,54,0],[0,41,0],[0,28,0],[0,15,0],[0,2,0],[0,15,13],[0,28,26],[0,41,39],[0,54,53],[0,67,66],[0,81,79],[0,94,92],[0,107,106],[0,120,119],[0,133,132],[0,146,146],[0,160,159],[0,173,172],[0,186,185],[0,199,199],[0,212,212],[0,226,225],[0,239,239],[0,252,252],[0,240,240],[0,228,228],[0,217,217],[0,205,205],[0,193,193],[0,182,182],[0,170,170],[0,158,158],[0,146,146],[0,135,135],[0,123,123],[0,112,112],[0,100,100],[0,88,88],[0,77,77],[0,65,65],[0,53,53],[0,41,41],[0,30,30],[0,18,18],[0,7,7],[0,6,19],[0,6,32],[0,5,45],[0,5,58],[0,5,71],[0,4,84],[0,4,97],[0,4,110],[0,3,123],[0,3,136],[0,2,149],[0,2,162],[0,2,174],[0,1,187],[0,1,200],[0,1,213],[0,0,226],[0,0,239],[0,0,252],[0,0,238],[0,0,225],[0,0,212],[0,0,199],[0,0,186],[0,0,173],[0,0,160],[0,0,146],[0,0,133],[0,0,120],[0,0,107],[0,0,94],[0,0,81],[0,0,68],[0,0,55],[0,0,41],[0,0,28],[0,0,15],[0,0,2],[11,0,13],[23,0,25],[35,0,37],[47,0,48],[59,0,60],[70,0,72],[82,0,83],[94,0,95],[106,0,107],[118,0,119],[129,0,130],[141,0,142],[153,0,154],[165,0,165],[177,0,177],[188,0,189],[200,0,201],[212,0,212],[224,0,224],[236,0,236],[247,0,247],[234,0,234],[221,0,221],[208,0,208],[195,0,195],[182,0,182],[169,0,169],[156,0,156],[144,0,144],[131,0,131],[118,0,118],[105,0,105],[92,0,92],[79,0,79],[66,0,66],[54,0,54],[41,0,41],[28,0,28],[15,0,15],[2,0,2],[0,0,0]]},"msi_z5_color_sequence":{"repeat":255,"data":[[0,0,0],[13,0,0],[26,0,0],[39,0,0],[53,0,0],[66,0,0],[79,0,0],[92,0,0],[106,0,0],[119,0,0],[132,0,0],[146,0,0],[159,0,0],[172,0,0],[185,0,0],[199,0,0],[212,0,0],[225,0,0],[239,0,0],[252,0,0],[240,0,0],[228,0,0],[217,0,0],[205,0,0],[193,0,0],[182,0,0],[170,0,0],[158,0,0],[146,0,0],[135,0,0],[123,0,0],[112,0,0],[100,0,0],[88,0,0],[77,0,0],[65,0,0],[53,0,0],[41,0,0],[30,0,0],[18,0,0],[7,0,0],[19,13,0],[32,26,0],[45,39,0],[58,53,0],[71,66,0],[84,79,0],[97,92,0],[110,106,0],[123,119,0],[136,132,0],[149,146,0],[162,159,0],[174,172,0],[187,185,0],[200,199,0],[213,212,0],[226,225,0],[239,239,0],[252,252,0],[238,238,0],[225,225,0],[212,212,0],[199,199,0],[186,186,0],[173,173,0],[160,160,0],[146,146,0],[133,133,0],[120,120,0],[107,107,0],[94,94,0],[81,81,0],[68,68,0],[55,55,0],[41,41,0],[28,28,0],[15,15,0],[2,2,0],[1,13,0],[1,25,0],[1,37,0],[1,48,0],[1,60,0],[1,72,0],[1,83,0],[1,95,0],[1,107,0],[1,119,0],[0,130,0],[0,142,0],[0,154,0],[0,165,0],[0,177,0],[0,189,0],[0,201,0],[0,212,0],[0,224,0],[0,236,0],[0,247,0],[0,234,0],[0,221,0],[0,208,0],[0,195,0],[0,182,0],[0,169,0],[0,156,0],[0,144,0],[0,131,0],[0,118,0],[0,105,0],[0,92,0],[0,79,0],[0,66,0],[0,54,0],[0,41,0],[0,28,0],[0,15,0],[0,2,0],[0,15,13],[0,28,26],[0,41,39],[0,54,53],[0,67,66],[0,81,79],[0,94,92],[0,107,106],[0,120,119],[0,133,132],[0,146,146],[0,160,159],[0,173,172],[0,186,185],[0,199,199],[0,212,212],[0,226,225],[0,239,239],[0,252,252],[0,240,240],[0,228,228],[0,217,217],[0,205,205],[0,193,193],[0,182,182],[0,170,170],[0,158,158],[0,146,146],[0,135,135],[0,123,123],[0,112,112],[0,100,100],[0,88,88],[0,77,77],[0,65,65],[0,53,53],[0,41,41],[0,30,30],[0,18,18],[0,7,7],[0,6,19],[0,6,32],[0,5,45],[0,5,58],[0,5,71],[0,4,84],[0,4,97],[0,4,110],[0,3,123],[0,3,136],[0,2,149],[0,2,162],[0,2,174],[0,1,187],[0,1,200],[0,1,213],[0,0,226],[0,0,239],[0,0,252],[0,0,238],[0,0,225],[0,0,212],[0,0,199],[0,0,186],[0,0,173],[0,0,160],[0,0,146],[0,0,133],[0,0,120],[0,0,107],[0,0,94],[0,0,81],[0,0,68],[0,0,55],[0,0,41],[0,0,28],[0,0,15],[0,0,2],[11,0,13],[23,0,25],[35,0,37],[47,0,48],[59,0,60],[70,0,72],[82,0,83],[94,0,95],[106,0,107],[118,0,119],[129,0,130],[141,0,142],[153,0,154],[165,0,165],[177,0,177],[188,0,189],[200,0,201],[212,0,212],[224,0,224],[236,0,236],[247,0,247],[234,0,234],[221,0,221],[208,0,208],[195,0,195],[182,0,182],[169,0,169],[156,0,156],[144,0,144],[131,0,131],[118,0,118],[105,0,105],[92,0,92],[79,0,79],[66,0,66],[54,0,54],[41,0,41],[28,0,28],[15,0,15],[2,0,2],[0,0,0]]},"msi_z6_color_sequence":{"repeat":255,"data":[[0,0,0],[13,0,0],[26,0,0],[39,0,0],[53,0,0],[66,0,0],[79,0,0],[92,0,0],[106,0,0],[119,0,0],[132,0,0],[146,0,0],[159,0,0],[172,0,0],[185,0,0],[199,0,0],[212,0,0],[225,0,0],[239,0,0],[252,0,0],[240,0,0],[228,0,0],[217,0,0],[205,0,0],[193,0,0],[182,0,0],[170,0,0],[158,0,0],[146,0,0],[135,0,0],[123,0,0],[112,0,0],[100,0,0],[88,0,0],[77,0,0],[65,0,0],[53,0,0],[41,0,0],[30,0,0],[18,0,0],[7,0,0],[19,13,0],[32,26,0],[45,39,0],[58,53,0],[71,66,0],[84,79,0],[97,92,0],[110,106,0],[123,119,0],[136,132,0],[149,146,0],[162,159,0],[174,172,0],[187,185,0],[200,199,0],[213,212,0],[226,225,0],[239,239,0],[252,252,0],[238,238,0],[225,225,0],[212,212,0],[199,199,0],[186,186,0],[173,173,0],[160,160,0],[146,146,0],[133,133,0],[120,120,0],[107,107,0],[94,94,0],[81,81,0],[68,68,0],[55,55,0],[41,41,0],[28,28,0],[15,15,0],[2,2,0],[1,13,0],[1,25,0],[1,37,0],[1,48,0],[1,60,0],[1,72,0],[1,83,0],[1,95,0],[1,107,0],[1,119,0],[0,130,0],[0,142,0],[0,154,0],[0,165,0],[0,177,0],[0,189,0],[0,201,0],[0,212,0],[0,224,0],[0,236,0],[0,247,0],[0,234,0],[0,221,0],[0,208,0],[0,195,0],[0,182,0],[0,169,0],[0,156,0],[0,144,0],[0,131,0],[0,118,0],[0,105,0],[0,92,0],[0,79,0],[0,66,0],[0,54,0],[0,41,0],[0,28,0],[0,15,0],[0,2,0],[0,15,13],[0,28,26],[0,41,39],[0,54,53],[0,67,66],[0,81,79],[0,94,92],[0,107,106],[0,120,119],[0,133,132],[0,146,146],[0,160,159],[0,173,172],[0,186,185],[0,199,199],[0,212,212],[0,226,225],[0,239,239],[0,252,252],[0,240,240],[0,228,228],[0,217,217],[0,205,205],[0,193,193],[0,182,182],[0,170,170],[0,158,158],[0,146,146],[0,135,135],[0,123,123],[0,112,112],[0,100,100],[0,88,88],[0,77,77],[0,65,65],[0,53,53],[0,41,41],[0,30,30],[0,18,18],[0,7,7],[0,6,19],[0,6,32],[0,5,45],[0,5,58],[0,5,71],[0,4,84],[0,4,97],[0,4,110],[0,3,123],[0,3,136],[0,2,149],[0,2,162],[0,2,174],[0,1,187],[0,1,200],[0,1,213],[0,0,226],[0,0,239],[0,0,252],[0,0,238],[0,0,225],[0,0,212],[0,0,199],[0,0,186],[0,0,173],[0,0,160],[0,0,146],[0,0,133],[0,0,120],[0,0,107],[0,0,94],[0,0,81],[0,0,68],[0,0,55],[0,0,41],[0,0,28],[0,0,15],[0,0,2],[11,0,13],[23,0,25],[35,0,37],[47,0,48],[59,0,60],[70,0,72],[82,0,83],[94,0,95],[106,0,107],[118,0,119],[129,0,130],[141,0,142],[153,0,154],[165,0,165],[177,0,177],[188,0,189],[200,0,201],[212,0,212],[224,0,224],[236,0,236],[247,0,247],[234,0,234],[221,0,221],[208,0,208],[195,0,195],[182,0,182],[169,0,169],[156,0,156],[144,0,144],[131,0,131],[118,0,118],[105,0,105],[92,0,92],[79,0,79],[66,0,66],[54,0,54],[41,0,41],[28,0,28],[15,0,15],[2,0,2],[0,0,0]]},"msi_z7_color_sequence":{"repeat":255,"data":[[0,0,0],[13,0,0],[26,0,0],[39,0,0],[53,0,0],[66,0,0],[79,0,0],[92,0,0],[106,0,0],[119,0,0],[132,0,0],[146,0,0],[159,0,0],[172,0,0],[185,0,0],[199,0,0],[212,0,0],[225,0,0],[239,0,0],[252,0,0],[240,0,0],[228,0,0],[217,0,0],[205,0,0],[193,0,0],[182,0,0],[170,0,0],[158,0,0],[146,0,0],[135,0,0],[123,0,0],[112,0,0],[100,0,0],[88,0,0],[77,0,0],[65,0,0],[53,0,0],[41,0,0],[30,0,0],[18,0,0],[7,0,0],[19,13,0],[32,26,0],[45,39,0],[58,53,0],[71,66,0],[84,79,0],[97,92,0],[110,106,0],[123,119,0],[136,132,0],[149,146,0],[162,159,0],[174,172,0],[187,185,0],[200,199,0],[213,212,0],[226,225,0],[239,239,0],[252,252,0],[238,238,0],[225,225,0],[212,212,0],[199,199,0],[186,186,0],[173,173,0],[160,160,0],[146,146,0],[133,133,0],[120,120,0],[107,107,0],[94,94,0],[81,81,0],[68,68,0],[55,55,0],[41,41,0],[28,28,0],[15,15,0],[2,2,0],[1,13,0],[1,25,0],[1,37,0],[1,48,0],[1,60,0],[1,72,0],[1,83,0],[1,95,0],[1,107,0],[1,119,0],[0,130,0],[0,142,0],[0,154,0],[0,165,0],[0,177,0],[0,189,0],[0,201,0],[0,212,0],[0,224,0],[0,236,0],[0,247,0],[0,234,0],[0,221,0],[0,208,0],[0,195,0],[0,182,0],[0,169,0],[0,156,0],[0,144,0],[0,131,0],[0,118,0],[0,105,0],[0,92,0],[0,79,0],[0,66,0],[0,54,0],[0,41,0],[0,28,0],[0,15,0],[0,2,0],[0,15,13],[0,28,26],[0,41,39],[0,54,53],[0,67,66],[0,81,79],[0,94,92],[0,107,106],[0,120,119],[0,133,132],[0,146,146],[0,160,159],[0,173,172],[0,186,185],[0,199,199],[0,212,212],[0,226,225],[0,239,239],[0,252,252],[0,240,240],[0,228,228],[0,217,217],[0,205,205],[0,193,193],[0,182,182],[0,170,170],[0,158,158],[0,146,146],[0,135,135],[0,123,123],[0,112,112],[0,100,100],[0,88,88],[0,77,77],[0,65,65],[0,53,53],[0,41,41],[0,30,30],[0,18,18],[0,7,7],[0,6,19],[0,6,32],[0,5,45],[0,5,58],[0,5,71],[0,4,84],[0,4,97],[0,4,110],[0,3,123],[0,3,136],[0,2,149],[0,2,162],[0,2,174],[0,1,187],[0,1,200],[0,1,213],[0,0,226],[0,0,239],[0,0,252],[0,0,238],[0,0,225],[0,0,212],[0,0,199],[0,0,186],[0,0,173],[0,0,160],[0,0,146],[0,0,133],[0,0,120],[0,0,107],[0,0,94],[0,0,81],[0,0,68],[0,0,55],[0,0,41],[0,0,28],[0,0,15],[0,0,2],[11,0,13],[23,0,25],[35,0,37],[47,0,48],[59,0,60],[70,0,72],[82,0,83],[94,0,95],[106,0,107],[118,0,119],[129,0,130],[141,0,142],[153,0,154],[165,0,165],[177,0,177],[188,0,189],[200,0,201],[212,0,212],[224,0,224],[236,0,236],[247,0,247],[234,0,234],[221,0,221],[208,0,208],[195,0,195],[182,0,182],[169,0,169],[156,0,156],[144,0,144],[131,0,131],[118,0,118],[105,0,105],[92,0,92],[79,0,79],[66,0,66],[54,0,54],[41,0,41],[28,0,28],[15,0,15],[2,0,2],[0,0,0]]},"msi_klm_illumination":{"regular_mode_zone_colors":[{"red":255,"green":0,"blue":0},{"red":0,"green":255,"blue":0},{"red":0,"green":0,"blue":255},{"red":255,"green":0,"blue":0},{"red":255,"green":0,"blue":0},{"red":255,"green":0,"blue":0},{"red":255,"green":0,"blue":0}],"sleep_mode_zone_colors":[{"red":255,"green":0,"blue":0},{"red":0,"green":255,"blue":0},{"red":0,"green":0,"blue":255},{"red":255,"green":0,"blue":0},{"red":255,"green":0,"blue":0},{"red":255,"green":0,"blue":0},{"red":255,"green":0,"blue":0}],"regular_mode":1,"sleep_mode":8},"global_brightness":{"level":3}}',
'{"msi_region_layout_id":{"id":3},"z1_illumination_disabled":0,"z2_illumination_disabled":0,"z3_illumination_disabled":0,"z4_illumination_disabled":0,"z5_illumination_disabled":0,"z6_illumination_disabled":0,"z7_illumination_disabled":0}');
INSERT INTO initial_configurations (id, device_id, name, settings, undeployedsettings) VALUES (
28, 72, 'Default 3',
'{"button_mappings":{"buttons":[{"function":999,"key_codes":[240]},{"function":999,"key_codes":[4]},{"function":999,"key_codes":[5]},{"function":999,"key_codes":[6]},{"function":999,"key_codes":[7]},{"function":999,"key_codes":[8]},{"function":999,"key_codes":[9]},{"function":999,"key_codes":[10]},{"function":999,"key_codes":[11]},{"function":999,"key_codes":[12]},{"function":999,"key_codes":[13]},{"function":999,"key_codes":[14]},{"function":999,"key_codes":[15]},{"function":999,"key_codes":[16]},{"function":999,"key_codes":[17]},{"function":999,"key_codes":[18]},{"function":999,"key_codes":[19]},{"function":999,"key_codes":[20]},{"function":999,"key_codes":[21]},{"function":999,"key_codes":[22]},{"function":999,"key_codes":[23]},{"function":999,"key_codes":[24]},{"function":999,"key_codes":[25]},{"function":999,"key_codes":[26]},{"function":999,"key_codes":[27]},{"function":999,"key_codes":[28]},{"function":999,"key_codes":[29]},{"function":999,"key_codes":[30]},{"function":999,"key_codes":[31]},{"function":999,"key_codes":[32]},{"function":999,"key_codes":[33]},{"function":999,"key_codes":[34]},{"function":999,"key_codes":[35]},{"function":999,"key_codes":[36]},{"function":999,"key_codes":[37]},{"function":999,"key_codes":[38]},{"function":999,"key_codes":[39]},{"function":999,"key_codes":[40]},{"function":999,"key_codes":[41]},{"function":999,"key_codes":[42]},{"function":999,"key_codes":[43]},{"function":999,"key_codes":[44]},{"function":999,"key_codes":[45]},{"function":999,"key_codes":[46]},{"function":999,"key_codes":[47]},{"function":999,"key_codes":[48]},{"function":999,"key_codes":[49]},{"function":999,"key_codes":[50]},{"function":999,"key_codes":[51]},{"function":999,"key_codes":[52]},{"function":999,"key_codes":[53]},{"function":999,"key_codes":[54]},{"function":999,"key_codes":[55]},{"function":999,"key_codes":[56]},{"function":999,"key_codes":[57]},{"function":999,"key_codes":[58]},{"function":999,"key_codes":[59]},{"function":999,"key_codes":[60]},{"function":999,"key_codes":[61]},{"function":999,"key_codes":[62]},{"function":999,"key_codes":[63]},{"function":999,"key_codes":[64]},{"function":999,"key_codes":[65]},{"function":999,"key_codes":[66]},{"function":999,"key_codes":[67]},{"function":999,"key_codes":[68]},{"function":999,"key_codes":[69]},{"function":999,"key_codes":[70]},{"function":999,"key_codes":[71]},{"function":999,"key_codes":[72]},{"function":999,"key_codes":[73]},{"function":999,"key_codes":[74]},{"function":999,"key_codes":[75]},{"function":999,"key_codes":[76]},{"function":999,"key_codes":[77]},{"function":999,"key_codes":[78]},{"function":999,"key_codes":[79]},{"function":999,"key_codes":[80]},{"function":999,"key_codes":[81]},{"function":999,"key_codes":[82]},{"function":999,"key_codes":[83]},{"function":999,"key_codes":[84]},{"function":999,"key_codes":[85]},{"function":999,"key_codes":[86]},{"function":999,"key_codes":[87]},{"function":999,"key_codes":[88]},{"function":999,"key_codes":[89]},{"function":999,"key_codes":[90]},{"function":999,"key_codes":[91]},{"function":999,"key_codes":[92]},{"function":999,"key_codes":[93]},{"function":999,"key_codes":[94]},{"function":999,"key_codes":[95]},{"function":999,"key_codes":[96]},{"function":999,"key_codes":[97]},{"function":999,"key_codes":[98]},{"function":999,"key_codes":[99]},{"function":999,"key_codes":[100]},{"function":999,"key_codes":[135]},{"function":999,"key_codes":[136]},{"function":999,"key_codes":[137]},{"function":999,"key_codes":[138]},{"function":999,"key_codes":[139]},{"function":999,"key_codes":[144]},{"function":999,"key_codes":[145]},{"function":999,"key_codes":[224]},{"function":999,"key_codes":[225]},{"function":999,"key_codes":[226]},{"function":999,"key_codes":[228]},{"function":999,"key_codes":[229]},{"function":999,"key_codes":[230]},{"function":999,"key_codes":[231]},{"function":999,"key_codes":[233]},{"function":999,"key_codes":[234]},{"function":999,"key_codes":[235]},{"function":999,"key_codes":[236]},{"function":999,"key_codes":[237]},{"function":999,"key_codes":[238]},{"function":999,"key_codes":[239]},{"function":999,"key_codes":[241]},{"function":999,"key_codes":[242]},{"function":999,"key_codes":[243]}],"no_live_deploy":1},"msi_z1_color_sequence":{"repeat":255,"data":[[255,0,225],[255,4,220],[255,9,215],[255,14,211],[255,18,206],[255,23,202],[255,28,197],[255,33,193],[255,37,188],[255,42,184],[255,47,179],[255,52,175],[255,56,170],[255,61,165],[255,66,161],[255,70,156],[255,75,152],[255,80,147],[255,85,143],[255,89,138],[255,94,134],[255,99,129],[255,104,125],[255,108,120],[255,113,115],[255,118,111],[255,122,106],[255,127,102],[255,132,97],[255,137,93],[255,141,88],[255,146,84],[255,151,79],[255,156,75],[255,160,70],[255,165,65],[255,170,61],[255,174,56],[255,179,52],[255,184,47],[255,189,43],[255,193,38],[255,198,34],[254,203,29],[255,208,25],[255,212,20],[255,217,15],[255,222,11],[255,226,6],[255,231,2],[249,230,7],[244,229,12],[239,229,17],[234,228,22],[229,228,27],[224,227,32],[218,227,37],[213,226,42],[208,226,48],[203,225,53],[198,225,58],[193,224,63],[188,223,68],[182,223,73],[177,222,78],[172,222,83],[167,221,88],[162,221,94],[157,220,99],[151,220,104],[146,219,109],[141,219,114],[136,218,119],[131,217,124],[126,217,129],[121,216,134],[115,216,140],[110,215,145],[105,215,150],[100,214,155],[95,214,160],[90,213,165],[85,213,170],[79,212,175],[74,211,180],[69,211,186],[64,210,191],[59,210,196],[54,209,201],[48,209,206],[43,208,211],[38,208,216],[33,207,221],[28,207,226],[23,206,232],[18,205,237],[12,205,242],[7,204,247],[2,204,252],[6,200,251],[11,196,250],[16,192,250],[21,188,249],[26,184,249],[31,180,248],[36,176,248],[41,172,247],[46,168,247],[51,164,246],[56,160,246],[61,156,245],[66,152,245],[71,148,244],[76,144,244],[81,140,243],[86,136,243],[91,131,242],[96,128,241],[101,124,241],[106,120,240],[111,116,240],[116,112,239],[121,108,239],[126,104,238],[130,100,238],[135,96,237],[140,91,237],[145,88,236],[150,84,236],[155,80,235],[160,76,235],[165,72,234],[170,68,234],[175,64,233],[180,59,232],[185,56,232],[190,52,231],[195,48,231],[200,44,230],[205,39,230],[210,36,229],[215,32,229],[220,27,228],[225,24,228],[230,19,227],[235,16,227],[240,12,226],[245,7,226],[250,4,225],[255,0,225],[255,0,225]]},"msi_z2_color_sequence":{"repeat":255,"data":[[255,0,225],[255,4,220],[255,9,215],[255,14,211],[255,18,206],[255,23,202],[255,28,197],[255,33,193],[255,37,188],[255,42,184],[255,47,179],[255,52,175],[255,56,170],[255,61,165],[255,66,161],[255,70,156],[255,75,152],[255,80,147],[255,85,143],[255,89,138],[255,94,134],[255,99,129],[255,104,125],[255,108,120],[255,113,115],[255,118,111],[255,122,106],[255,127,102],[255,132,97],[255,137,93],[255,141,88],[255,146,84],[255,151,79],[255,156,75],[255,160,70],[255,165,65],[255,170,61],[255,174,56],[255,179,52],[255,184,47],[255,189,43],[255,193,38],[255,198,34],[254,203,29],[255,208,25],[255,212,20],[255,217,15],[255,222,11],[255,226,6],[255,231,2],[249,230,7],[244,229,12],[239,229,17],[234,228,22],[229,228,27],[224,227,32],[218,227,37],[213,226,42],[208,226,48],[203,225,53],[198,225,58],[193,224,63],[188,223,68],[182,223,73],[177,222,78],[172,222,83],[167,221,88],[162,221,94],[157,220,99],[151,220,104],[146,219,109],[141,219,114],[136,218,119],[131,217,124],[126,217,129],[121,216,134],[115,216,140],[110,215,145],[105,215,150],[100,214,155],[95,214,160],[90,213,165],[85,213,170],[79,212,175],[74,211,180],[69,211,186],[64,210,191],[59,210,196],[54,209,201],[48,209,206],[43,208,211],[38,208,216],[33,207,221],[28,207,226],[23,206,232],[18,205,237],[12,205,242],[7,204,247],[2,204,252],[6,200,251],[11,196,250],[16,192,250],[21,188,249],[26,184,249],[31,180,248],[36,176,248],[41,172,247],[46,168,247],[51,164,246],[56,160,246],[61,156,245],[66,152,245],[71,148,244],[76,144,244],[81,140,243],[86,136,243],[91,131,242],[96,128,241],[101,124,241],[106,120,240],[111,116,240],[116,112,239],[121,108,239],[126,104,238],[130,100,238],[135,96,237],[140,91,237],[145,88,236],[150,84,236],[155,80,235],[160,76,235],[165,72,234],[170,68,234],[175,64,233],[180,59,232],[185,56,232],[190,52,231],[195,48,231],[200,44,230],[205,39,230],[210,36,229],[215,32,229],[220,27,228],[225,24,228],[230,19,227],[235,16,227],[240,12,226],[245,7,226],[250,4,225],[255,0,225],[255,0,225]]},"msi_z3_color_sequence":{"repeat":255,"data":[[255,0,225],[255,4,220],[255,9,215],[255,14,211],[255,18,206],[255,23,202],[255,28,197],[255,33,193],[255,37,188],[255,42,184],[255,47,179],[255,52,175],[255,56,170],[255,61,165],[255,66,161],[255,70,156],[255,75,152],[255,80,147],[255,85,143],[255,89,138],[255,94,134],[255,99,129],[255,104,125],[255,108,120],[255,113,115],[255,118,111],[255,122,106],[255,127,102],[255,132,97],[255,137,93],[255,141,88],[255,146,84],[255,151,79],[255,156,75],[255,160,70],[255,165,65],[255,170,61],[255,174,56],[255,179,52],[255,184,47],[255,189,43],[255,193,38],[255,198,34],[254,203,29],[255,208,25],[255,212,20],[255,217,15],[255,222,11],[255,226,6],[255,231,2],[249,230,7],[244,229,12],[239,229,17],[234,228,22],[229,228,27],[224,227,32],[218,227,37],[213,226,42],[208,226,48],[203,225,53],[198,225,58],[193,224,63],[188,223,68],[182,223,73],[177,222,78],[172,222,83],[167,221,88],[162,221,94],[157,220,99],[151,220,104],[146,219,109],[141,219,114],[136,218,119],[131,217,124],[126,217,129],[121,216,134],[115,216,140],[110,215,145],[105,215,150],[100,214,155],[95,214,160],[90,213,165],[85,213,170],[79,212,175],[74,211,180],[69,211,186],[64,210,191],[59,210,196],[54,209,201],[48,209,206],[43,208,211],[38,208,216],[33,207,221],[28,207,226],[23,206,232],[18,205,237],[12,205,242],[7,204,247],[2,204,252],[6,200,251],[11,196,250],[16,192,250],[21,188,249],[26,184,249],[31,180,248],[36,176,248],[41,172,247],[46,168,247],[51,164,246],[56,160,246],[61,156,245],[66,152,245],[71,148,244],[76,144,244],[81,140,243],[86,136,243],[91,131,242],[96,128,241],[101,124,241],[106,120,240],[111,116,240],[116,112,239],[121,108,239],[126,104,238],[130,100,238],[135,96,237],[140,91,237],[145,88,236],[150,84,236],[155,80,235],[160,76,235],[165,72,234],[170,68,234],[175,64,233],[180,59,232],[185,56,232],[190,52,231],[195,48,231],[200,44,230],[205,39,230],[210,36,229],[215,32,229],[220,27,228],[225,24,228],[230,19,227],[235,16,227],[240,12,226],[245,7,226],[250,4,225],[255,0,225],[255,0,225]]},"msi_z4_color_sequence":{"repeat":255,"data":[[255,0,225],[255,4,220],[255,9,215],[255,14,211],[255,18,206],[255,23,202],[255,28,197],[255,33,193],[255,37,188],[255,42,184],[255,47,179],[255,52,175],[255,56,170],[255,61,165],[255,66,161],[255,70,156],[255,75,152],[255,80,147],[255,85,143],[255,89,138],[255,94,134],[255,99,129],[255,104,125],[255,108,120],[255,113,115],[255,118,111],[255,122,106],[255,127,102],[255,132,97],[255,137,93],[255,141,88],[255,146,84],[255,151,79],[255,156,75],[255,160,70],[255,165,65],[255,170,61],[255,174,56],[255,179,52],[255,184,47],[255,189,43],[255,193,38],[255,198,34],[254,203,29],[255,208,25],[255,212,20],[255,217,15],[255,222,11],[255,226,6],[255,231,2],[249,230,7],[244,229,12],[239,229,17],[234,228,22],[229,228,27],[224,227,32],[218,227,37],[213,226,42],[208,226,48],[203,225,53],[198,225,58],[193,224,63],[188,223,68],[182,223,73],[177,222,78],[172,222,83],[167,221,88],[162,221,94],[157,220,99],[151,220,104],[146,219,109],[141,219,114],[136,218,119],[131,217,124],[126,217,129],[121,216,134],[115,216,140],[110,215,145],[105,215,150],[100,214,155],[95,214,160],[90,213,165],[85,213,170],[79,212,175],[74,211,180],[69,211,186],[64,210,191],[59,210,196],[54,209,201],[48,209,206],[43,208,211],[38,208,216],[33,207,221],[28,207,226],[23,206,232],[18,205,237],[12,205,242],[7,204,247],[2,204,252],[6,200,251],[11,196,250],[16,192,250],[21,188,249],[26,184,249],[31,180,248],[36,176,248],[41,172,247],[46,168,247],[51,164,246],[56,160,246],[61,156,245],[66,152,245],[71,148,244],[76,144,244],[81,140,243],[86,136,243],[91,131,242],[96,128,241],[101,124,241],[106,120,240],[111,116,240],[116,112,239],[121,108,239],[126,104,238],[130,100,238],[135,96,237],[140,91,237],[145,88,236],[150,84,236],[155,80,235],[160,76,235],[165,72,234],[170,68,234],[175,64,233],[180,59,232],[185,56,232],[190,52,231],[195,48,231],[200,44,230],[205,39,230],[210,36,229],[215,32,229],[220,27,228],[225,24,228],[230,19,227],[235,16,227],[240,12,226],[245,7,226],[250,4,225],[255,0,225],[255,0,225]]},"msi_z5_color_sequence":{"repeat":255,"data":[[255,0,225],[255,4,220],[255,9,215],[255,14,211],[255,18,206],[255,23,202],[255,28,197],[255,33,193],[255,37,188],[255,42,184],[255,47,179],[255,52,175],[255,56,170],[255,61,165],[255,66,161],[255,70,156],[255,75,152],[255,80,147],[255,85,143],[255,89,138],[255,94,134],[255,99,129],[255,104,125],[255,108,120],[255,113,115],[255,118,111],[255,122,106],[255,127,102],[255,132,97],[255,137,93],[255,141,88],[255,146,84],[255,151,79],[255,156,75],[255,160,70],[255,165,65],[255,170,61],[255,174,56],[255,179,52],[255,184,47],[255,189,43],[255,193,38],[255,198,34],[254,203,29],[255,208,25],[255,212,20],[255,217,15],[255,222,11],[255,226,6],[255,231,2],[249,230,7],[244,229,12],[239,229,17],[234,228,22],[229,228,27],[224,227,32],[218,227,37],[213,226,42],[208,226,48],[203,225,53],[198,225,58],[193,224,63],[188,223,68],[182,223,73],[177,222,78],[172,222,83],[167,221,88],[162,221,94],[157,220,99],[151,220,104],[146,219,109],[141,219,114],[136,218,119],[131,217,124],[126,217,129],[121,216,134],[115,216,140],[110,215,145],[105,215,150],[100,214,155],[95,214,160],[90,213,165],[85,213,170],[79,212,175],[74,211,180],[69,211,186],[64,210,191],[59,210,196],[54,209,201],[48,209,206],[43,208,211],[38,208,216],[33,207,221],[28,207,226],[23,206,232],[18,205,237],[12,205,242],[7,204,247],[2,204,252],[6,200,251],[11,196,250],[16,192,250],[21,188,249],[26,184,249],[31,180,248],[36,176,248],[41,172,247],[46,168,247],[51,164,246],[56,160,246],[61,156,245],[66,152,245],[71,148,244],[76,144,244],[81,140,243],[86,136,243],[91,131,242],[96,128,241],[101,124,241],[106,120,240],[111,116,240],[116,112,239],[121,108,239],[126,104,238],[130,100,238],[135,96,237],[140,91,237],[145,88,236],[150,84,236],[155,80,235],[160,76,235],[165,72,234],[170,68,234],[175,64,233],[180,59,232],[185,56,232],[190,52,231],[195,48,231],[200,44,230],[205,39,230],[210,36,229],[215,32,229],[220,27,228],[225,24,228],[230,19,227],[235,16,227],[240,12,226],[245,7,226],[250,4,225],[255,0,225],[255,0,225]]},"msi_z6_color_sequence":{"repeat":255,"data":[[255,0,225],[255,4,220],[255,9,215],[255,14,211],[255,18,206],[255,23,202],[255,28,197],[255,33,193],[255,37,188],[255,42,184],[255,47,179],[255,52,175],[255,56,170],[255,61,165],[255,66,161],[255,70,156],[255,75,152],[255,80,147],[255,85,143],[255,89,138],[255,94,134],[255,99,129],[255,104,125],[255,108,120],[255,113,115],[255,118,111],[255,122,106],[255,127,102],[255,132,97],[255,137,93],[255,141,88],[255,146,84],[255,151,79],[255,156,75],[255,160,70],[255,165,65],[255,170,61],[255,174,56],[255,179,52],[255,184,47],[255,189,43],[255,193,38],[255,198,34],[254,203,29],[255,208,25],[255,212,20],[255,217,15],[255,222,11],[255,226,6],[255,231,2],[249,230,7],[244,229,12],[239,229,17],[234,228,22],[229,228,27],[224,227,32],[218,227,37],[213,226,42],[208,226,48],[203,225,53],[198,225,58],[193,224,63],[188,223,68],[182,223,73],[177,222,78],[172,222,83],[167,221,88],[162,221,94],[157,220,99],[151,220,104],[146,219,109],[141,219,114],[136,218,119],[131,217,124],[126,217,129],[121,216,134],[115,216,140],[110,215,145],[105,215,150],[100,214,155],[95,214,160],[90,213,165],[85,213,170],[79,212,175],[74,211,180],[69,211,186],[64,210,191],[59,210,196],[54,209,201],[48,209,206],[43,208,211],[38,208,216],[33,207,221],[28,207,226],[23,206,232],[18,205,237],[12,205,242],[7,204,247],[2,204,252],[6,200,251],[11,196,250],[16,192,250],[21,188,249],[26,184,249],[31,180,248],[36,176,248],[41,172,247],[46,168,247],[51,164,246],[56,160,246],[61,156,245],[66,152,245],[71,148,244],[76,144,244],[81,140,243],[86,136,243],[91,131,242],[96,128,241],[101,124,241],[106,120,240],[111,116,240],[116,112,239],[121,108,239],[126,104,238],[130,100,238],[135,96,237],[140,91,237],[145,88,236],[150,84,236],[155,80,235],[160,76,235],[165,72,234],[170,68,234],[175,64,233],[180,59,232],[185,56,232],[190,52,231],[195,48,231],[200,44,230],[205,39,230],[210,36,229],[215,32,229],[220,27,228],[225,24,228],[230,19,227],[235,16,227],[240,12,226],[245,7,226],[250,4,225],[255,0,225],[255,0,225]]},"msi_z7_color_sequence":{"repeat":255,"data":[[255,0,225],[255,4,220],[255,9,215],[255,14,211],[255,18,206],[255,23,202],[255,28,197],[255,33,193],[255,37,188],[255,42,184],[255,47,179],[255,52,175],[255,56,170],[255,61,165],[255,66,161],[255,70,156],[255,75,152],[255,80,147],[255,85,143],[255,89,138],[255,94,134],[255,99,129],[255,104,125],[255,108,120],[255,113,115],[255,118,111],[255,122,106],[255,127,102],[255,132,97],[255,137,93],[255,141,88],[255,146,84],[255,151,79],[255,156,75],[255,160,70],[255,165,65],[255,170,61],[255,174,56],[255,179,52],[255,184,47],[255,189,43],[255,193,38],[255,198,34],[254,203,29],[255,208,25],[255,212,20],[255,217,15],[255,222,11],[255,226,6],[255,231,2],[249,230,7],[244,229,12],[239,229,17],[234,228,22],[229,228,27],[224,227,32],[218,227,37],[213,226,42],[208,226,48],[203,225,53],[198,225,58],[193,224,63],[188,223,68],[182,223,73],[177,222,78],[172,222,83],[167,221,88],[162,221,94],[157,220,99],[151,220,104],[146,219,109],[141,219,114],[136,218,119],[131,217,124],[126,217,129],[121,216,134],[115,216,140],[110,215,145],[105,215,150],[100,214,155],[95,214,160],[90,213,165],[85,213,170],[79,212,175],[74,211,180],[69,211,186],[64,210,191],[59,210,196],[54,209,201],[48,209,206],[43,208,211],[38,208,216],[33,207,221],[28,207,226],[23,206,232],[18,205,237],[12,205,242],[7,204,247],[2,204,252],[6,200,251],[11,196,250],[16,192,250],[21,188,249],[26,184,249],[31,180,248],[36,176,248],[41,172,247],[46,168,247],[51,164,246],[56,160,246],[61,156,245],[66,152,245],[71,148,244],[76,144,244],[81,140,243],[86,136,243],[91,131,242],[96,128,241],[101,124,241],[106,120,240],[111,116,240],[116,112,239],[121,108,239],[126,104,238],[130,100,238],[135,96,237],[140,91,237],[145,88,236],[150,84,236],[155,80,235],[160,76,235],[165,72,234],[170,68,234],[175,64,233],[180,59,232],[185,56,232],[190,52,231],[195,48,231],[200,44,230],[205,39,230],[210,36,229],[215,32,229],[220,27,228],[225,24,228],[230,19,227],[235,16,227],[240,12,226],[245,7,226],[250,4,225],[255,0,225],[255,0,225]]},"msi_klm_illumination":{"regular_mode_zone_colors":[{"red":255,"green":0,"blue":0},{"red":0,"green":255,"blue":0},{"red":0,"green":0,"blue":255},{"red":255,"green":0,"blue":0},{"red":255,"green":0,"blue":0},{"red":255,"green":0,"blue":0},{"red":255,"green":0,"blue":0}],"sleep_mode_zone_colors":[{"red":255,"green":0,"blue":0},{"red":0,"green":255,"blue":0},{"red":0,"green":0,"blue":255},{"red":255,"green":0,"blue":0},{"red":255,"green":0,"blue":0},{"red":255,"green":0,"blue":0},{"red":255,"green":0,"blue":0}],"regular_mode":1,"sleep_mode":240},"global_brightness":{"level":3}}',
'{"msi_region_layout_id":{"id":3},"z1_illumination_disabled":0,"z2_illumination_disabled":0,"z3_illumination_disabled":0,"z4_illumination_disabled":0,"z5_illumination_disabled":0,"z6_illumination_disabled":0,"z7_illumination_disabled":0}');
INSERT INTO initial_configurations (id, device_id, name, settings, undeployedsettings) VALUES (
29, 72, 'Default 4',
'{"button_mappings":{"buttons":[{"function":999,"key_codes":[240]},{"function":999,"key_codes":[4]},{"function":999,"key_codes":[5]},{"function":999,"key_codes":[6]},{"function":999,"key_codes":[7]},{"function":999,"key_codes":[8]},{"function":999,"key_codes":[9]},{"function":999,"key_codes":[10]},{"function":999,"key_codes":[11]},{"function":999,"key_codes":[12]},{"function":999,"key_codes":[13]},{"function":999,"key_codes":[14]},{"function":999,"key_codes":[15]},{"function":999,"key_codes":[16]},{"function":999,"key_codes":[17]},{"function":999,"key_codes":[18]},{"function":999,"key_codes":[19]},{"function":999,"key_codes":[20]},{"function":999,"key_codes":[21]},{"function":999,"key_codes":[22]},{"function":999,"key_codes":[23]},{"function":999,"key_codes":[24]},{"function":999,"key_codes":[25]},{"function":999,"key_codes":[26]},{"function":999,"key_codes":[27]},{"function":999,"key_codes":[28]},{"function":999,"key_codes":[29]},{"function":999,"key_codes":[30]},{"function":999,"key_codes":[31]},{"function":999,"key_codes":[32]},{"function":999,"key_codes":[33]},{"function":999,"key_codes":[34]},{"function":999,"key_codes":[35]},{"function":999,"key_codes":[36]},{"function":999,"key_codes":[37]},{"function":999,"key_codes":[38]},{"function":999,"key_codes":[39]},{"function":999,"key_codes":[40]},{"function":999,"key_codes":[41]},{"function":999,"key_codes":[42]},{"function":999,"key_codes":[43]},{"function":999,"key_codes":[44]},{"function":999,"key_codes":[45]},{"function":999,"key_codes":[46]},{"function":999,"key_codes":[47]},{"function":999,"key_codes":[48]},{"function":999,"key_codes":[49]},{"function":999,"key_codes":[50]},{"function":999,"key_codes":[51]},{"function":999,"key_codes":[52]},{"function":999,"key_codes":[53]},{"function":999,"key_codes":[54]},{"function":999,"key_codes":[55]},{"function":999,"key_codes":[56]},{"function":999,"key_codes":[57]},{"function":999,"key_codes":[58]},{"function":999,"key_codes":[59]},{"function":999,"key_codes":[60]},{"function":999,"key_codes":[61]},{"function":999,"key_codes":[62]},{"function":999,"key_codes":[63]},{"function":999,"key_codes":[64]},{"function":999,"key_codes":[65]},{"function":999,"key_codes":[66]},{"function":999,"key_codes":[67]},{"function":999,"key_codes":[68]},{"function":999,"key_codes":[69]},{"function":999,"key_codes":[70]},{"function":999,"key_codes":[71]},{"function":999,"key_codes":[72]},{"function":999,"key_codes":[73]},{"function":999,"key_codes":[74]},{"function":999,"key_codes":[75]},{"function":999,"key_codes":[76]},{"function":999,"key_codes":[77]},{"function":999,"key_codes":[78]},{"function":999,"key_codes":[79]},{"function":999,"key_codes":[80]},{"function":999,"key_codes":[81]},{"function":999,"key_codes":[82]},{"function":999,"key_codes":[83]},{"function":999,"key_codes":[84]},{"function":999,"key_codes":[85]},{"function":999,"key_codes":[86]},{"function":999,"key_codes":[87]},{"function":999,"key_codes":[88]},{"function":999,"key_codes":[89]},{"function":999,"key_codes":[90]},{"function":999,"key_codes":[91]},{"function":999,"key_codes":[92]},{"function":999,"key_codes":[93]},{"function":999,"key_codes":[94]},{"function":999,"key_codes":[95]},{"function":999,"key_codes":[96]},{"function":999,"key_codes":[97]},{"function":999,"key_codes":[98]},{"function":999,"key_codes":[99]},{"function":999,"key_codes":[100]},{"function":999,"key_codes":[135]},{"function":999,"key_codes":[136]},{"function":999,"key_codes":[137]},{"function":999,"key_codes":[138]},{"function":999,"key_codes":[139]},{"function":999,"key_codes":[144]},{"function":999,"key_codes":[145]},{"function":999,"key_codes":[224]},{"function":999,"key_codes":[225]},{"function":999,"key_codes":[226]},{"function":999,"key_codes":[228]},{"function":999,"key_codes":[229]},{"function":999,"key_codes":[230]},{"function":999,"key_codes":[231]},{"function":999,"key_codes":[233]},{"function":999,"key_codes":[234]},{"function":999,"key_codes":[235]},{"function":999,"key_codes":[236]},{"function":999,"key_codes":[237]},{"function":999,"key_codes":[238]},{"function":999,"key_codes":[239]},{"function":999,"key_codes":[241]},{"function":999,"key_codes":[242]},{"function":999,"key_codes":[243]}],"no_live_deploy":1},"msi_z1_color_sequence":{"repeat":"","data":[]},"msi_z2_color_sequence":{"repeat":"","data":[]},"msi_z3_color_sequence":{"repeat":"","data":[]},"msi_z4_color_sequence":{"repeat":"","data":[]},"msi_z5_color_sequence":{"repeat":"","data":[]},"msi_z6_color_sequence":{"repeat":"","data":[]},"msi_z7_color_sequence":{"repeat":"","data":[]},"msi_klm_illumination":{"regular_mode_zone_colors":[{"red":255,"green":0,"blue":0},{"red":255,"green":0,"blue":0},{"red":255,"green":0,"blue":0},{"red":255,"green":0,"blue":0},{"red":255,"green":0,"blue":0},{"red":255,"green":0,"blue":0},{"red":255,"green":0,"blue":0}],"sleep_mode_zone_colors":[{"red":255,"green":0,"blue":0},{"red":255,"green":0,"blue":0},{"red":255,"green":0,"blue":0},{"red":255,"green":0,"blue":0},{"red":255,"green":0,"blue":0},{"red":255,"green":0,"blue":0},{"red":255,"green":0,"blue":0}],"regular_mode":5,"sleep_mode":9},"global_brightness":{"level":3}}',
'{"msi_region_layout_id":{"id":3},"z1_illumination_disabled":0,"z2_illumination_disabled":0,"z3_illumination_disabled":0,"z4_illumination_disabled":0,"z5_illumination_disabled":0,"z6_illumination_disabled":0,"z7_illumination_disabled":0}');
-- Add steelseries key initial bindings to cycle between the GT72 configs
INSERT INTO initial_sse_commands (id, command_type, display_name, path, params) VALUES (
102, 'deploy_configs', 'MSI GT72 Default 2', '', '{"configIds":["#INITIALCONFIG_27"]}'
);
INSERT INTO initial_sse_commands (id, command_type, display_name, path, params) VALUES (
103, 'deploy_configs', 'MSI GT72 Default 3', '', '{"configIds":["#INITIALCONFIG_28"]}'
);
INSERT INTO initial_sse_commands (id, command_type, display_name, path, params) VALUES (
104, 'deploy_configs', 'MSI GT72 Default 4', '', '{"configIds":["#INITIALCONFIG_29"]}'
);
INSERT INTO initial_sse_commands (id, command_type, display_name, path, params) VALUES (
105, 'deploy_configs', 'MSI GT72 Default', '', '{"configIds":["#DEFAULTCONFIG_DEVICE_72"]}'
);
INSERT INTO initial_bindings(id, type, default_config_device_id, immutable_config_id, trigger_data, initial_sse_command_id,transparent_macro_data,playback_options_data,initial_config_id) VALUES (
128, 'sse_command', 72, 0, '{"hidCode":240,"page":1,"type":2,"direction":1}',102,'',
'{ "type": 0, "num_repeat": 1, "repeat_delay": 15}', 0
);
INSERT INTO initial_bindings(id, type, default_config_device_id, immutable_config_id, trigger_data, initial_sse_command_id,transparent_macro_data,playback_options_data,initial_config_id) VALUES (
129, 'sse_command', 0, 0, '{"hidCode":240,"page":1,"type":2,"direction":1}',103,'',
'{ "type": 0, "num_repeat": 1, "repeat_delay": 15}', 27
);
INSERT INTO initial_bindings(id, type, default_config_device_id, immutable_config_id, trigger_data, initial_sse_command_id,transparent_macro_data,playback_options_data,initial_config_id) VALUES (
130, 'sse_command', 0, 0, '{"hidCode":240,"page":1,"type":2,"direction":1}',104,'',
'{ "type": 0, "num_repeat": 1, "repeat_delay": 15}', 28
);
INSERT INTO initial_bindings(id, type, default_config_device_id, immutable_config_id, trigger_data, initial_sse_command_id,transparent_macro_data,playback_options_data,initial_config_id) VALUES (
131, 'sse_command', 0, 0, '{"hidCode":240,"page":1,"type":2,"direction":1}',105,'',
'{ "type": 0, "num_repeat": 1, "repeat_delay": 15}', 29
);
-- Add Fn-1 to Fn-4 combinations to switch configs to GT72
-- Default, Fn-2
INSERT INTO initial_bindings(id, type, default_config_device_id, immutable_config_id, trigger_data, initial_sse_command_id,transparent_macro_data,playback_options_data,initial_config_id) VALUES (
136, 'sse_command', 72, 0, '{"hidCode":234,"page":1,"type":2,"direction":1}',102,'',
'{ "type": 0, "num_repeat": 1, "repeat_delay": 15}', 0
);
-- Default, Fn-3
INSERT INTO initial_bindings(id, type, default_config_device_id, immutable_config_id, trigger_data, initial_sse_command_id,transparent_macro_data,playback_options_data,initial_config_id) VALUES (
137, 'sse_command', 72, 0, '{"hidCode":235,"page":1,"type":2,"direction":1}',103,'',
'{ "type": 0, "num_repeat": 1, "repeat_delay": 15}', 0
);
-- Default, Fn-4
INSERT INTO initial_bindings(id, type, default_config_device_id, immutable_config_id, trigger_data, initial_sse_command_id,transparent_macro_data,playback_options_data,initial_config_id) VALUES (
138, 'sse_command', 72, 0, '{"hidCode":236,"page":1,"type":2,"direction":1}',104,'',
'{ "type": 0, "num_repeat": 1, "repeat_delay": 15}', 0
);
-- Default 2, Fn-1
INSERT INTO initial_bindings(id, type, default_config_device_id, immutable_config_id, trigger_data, initial_sse_command_id,transparent_macro_data,playback_options_data,initial_config_id) VALUES (
139, 'sse_command', 0, 0, '{"hidCode":233,"page":1,"type":2,"direction":1}',105,'',
'{ "type": 0, "num_repeat": 1, "repeat_delay": 15}', 27
);
-- Default 2, Fn-3
INSERT INTO initial_bindings(id, type, default_config_device_id, immutable_config_id, trigger_data, initial_sse_command_id,transparent_macro_data,playback_options_data,initial_config_id) VALUES (
140, 'sse_command', 0, 0, '{"hidCode":235,"page":1,"type":2,"direction":1}',103,'',
'{ "type": 0, "num_repeat": 1, "repeat_delay": 15}', 27
);
-- Default 2, Fn-4
INSERT INTO initial_bindings(id, type, default_config_device_id, immutable_config_id, trigger_data, initial_sse_command_id,transparent_macro_data,playback_options_data,initial_config_id) VALUES (
141, 'sse_command', 0, 0, '{"hidCode":236,"page":1,"type":2,"direction":1}',104,'',
'{ "type": 0, "num_repeat": 1, "repeat_delay": 15}', 27
);
-- Default 3, Fn-1
INSERT INTO initial_bindings(id, type, default_config_device_id, immutable_config_id, trigger_data, initial_sse_command_id,transparent_macro_data,playback_options_data,initial_config_id) VALUES (
142, 'sse_command', 0, 0, '{"hidCode":233,"page":1,"type":2,"direction":1}',105,'',
'{ "type": 0, "num_repeat": 1, "repeat_delay": 15}', 28
);
-- Default 3, Fn-2
INSERT INTO initial_bindings(id, type, default_config_device_id, immutable_config_id, trigger_data, initial_sse_command_id,transparent_macro_data,playback_options_data,initial_config_id) VALUES (
143, 'sse_command', 0, 0, '{"hidCode":234,"page":1,"type":2,"direction":1}',102,'',
'{ "type": 0, "num_repeat": 1, "repeat_delay": 15}', 28
);
-- Default 3, Fn-4
INSERT INTO initial_bindings(id, type, default_config_device_id, immutable_config_id, trigger_data, initial_sse_command_id,transparent_macro_data,playback_options_data,initial_config_id) VALUES (
144, 'sse_command', 0, 0, '{"hidCode":236,"page":1,"type":2,"direction":1}',104,'',
'{ "type": 0, "num_repeat": 1, "repeat_delay": 15}', 28
);
-- Default 4, Fn-1
INSERT INTO initial_bindings(id, type, default_config_device_id, immutable_config_id, trigger_data, initial_sse_command_id,transparent_macro_data,playback_options_data,initial_config_id) VALUES (
145, 'sse_command', 0, 0, '{"hidCode":233,"page":1,"type":2,"direction":1}',105,'',
'{ "type": 0, "num_repeat": 1, "repeat_delay": 15}', 29
);
-- Default 4, Fn-2
INSERT INTO initial_bindings(id, type, default_config_device_id, immutable_config_id, trigger_data, initial_sse_command_id,transparent_macro_data,playback_options_data,initial_config_id) VALUES (
146, 'sse_command', 0, 0, '{"hidCode":234,"page":1,"type":2,"direction":1}',102,'',
'{ "type": 0, "num_repeat": 1, "repeat_delay": 15}', 29
);
-- Default 4, Fn-3
INSERT INTO initial_bindings(id, type, default_config_device_id, immutable_config_id, trigger_data, initial_sse_command_id,transparent_macro_data,playback_options_data,initial_config_id) VALUES (
147, 'sse_command', 0, 0, '{"hidCode":235,"page":1,"type":2,"direction":1}',103,'',
'{ "type": 0, "num_repeat": 1, "repeat_delay": 15}', 29
);

-- 20160116000002_AddMsiGS63.sql

INSERT INTO devices (id, product_id, name, full_name, type, settings, undeployedsettings) VALUES (67, 272113677, 'msi_gs63', 'MSI GS63', 0,'
{
  "button_mappings": {
    "buttons": [
      {
        "function": 999,
        "key_codes": [
          4
        ]
      },
      {
        "function": 999,
        "key_codes": [
          5
        ]
      },
      {
        "function": 999,
        "key_codes": [
          6
        ]
      },
      {
        "function": 999,
        "key_codes": [
          7
        ]
      },
      {
        "function": 999,
        "key_codes": [
          8
        ]
      },
      {
        "function": 999,
        "key_codes": [
          9
        ]
      },
      {
        "function": 999,
        "key_codes": [
          10
        ]
      },
      {
        "function": 999,
        "key_codes": [
          11
        ]
      },
      {
        "function": 999,
        "key_codes": [
          12
        ]
      },
      {
        "function": 999,
        "key_codes": [
          13
        ]
      },
      {
        "function": 999,
        "key_codes": [
          14
        ]
      },
      {
        "function": 999,
        "key_codes": [
          15
        ]
      },
      {
        "function": 999,
        "key_codes": [
          16
        ]
      },
      {
        "function": 999,
        "key_codes": [
          17
        ]
      },
      {
        "function": 999,
        "key_codes": [
          18
        ]
      },
      {
        "function": 999,
        "key_codes": [
          19
        ]
      },
      {
        "function": 999,
        "key_codes": [
          20
        ]
      },
      {
        "function": 999,
        "key_codes": [
          21
        ]
      },
      {
        "function": 999,
        "key_codes": [
          22
        ]
      },
      {
        "function": 999,
        "key_codes": [
          23
        ]
      },
      {
        "function": 999,
        "key_codes": [
          24
        ]
      },
      {
        "function": 999,
        "key_codes": [
          25
        ]
      },
      {
        "function": 999,
        "key_codes": [
          26
        ]
      },
      {
        "function": 999,
        "key_codes": [
          27
        ]
      },
      {
        "function": 999,
        "key_codes": [
          28
        ]
      },
      {
        "function": 999,
        "key_codes": [
          29
        ]
      },
      {
        "function": 999,
        "key_codes": [
          30
        ]
      },
      {
        "function": 999,
        "key_codes": [
          31
        ]
      },
      {
        "function": 999,
        "key_codes": [
          32
        ]
      },
      {
        "function": 999,
        "key_codes": [
          33
        ]
      },
      {
        "function": 999,
        "key_codes": [
          34
        ]
      },
      {
        "function": 999,
        "key_codes": [
          35
        ]
      },
      {
        "function": 999,
        "key_codes": [
          36
        ]
      },
      {
        "function": 999,
        "key_codes": [
          37
        ]
      },
      {
        "function": 999,
        "key_codes": [
          38
        ]
      },
      {
        "function": 999,
        "key_codes": [
          39
        ]
      },
      {
        "function": 999,
        "key_codes": [
          40
        ]
      },
      {
        "function": 999,
        "key_codes": [
          41
        ]
      },
      {
        "function": 999,
        "key_codes": [
          42
        ]
      },
      {
        "function": 999,
        "key_codes": [
          43
        ]
      },
      {
        "function": 999,
        "key_codes": [
          44
        ]
      },
      {
        "function": 999,
        "key_codes": [
          45
        ]
      },
      {
        "function": 999,
        "key_codes": [
          46
        ]
      },
      {
        "function": 999,
        "key_codes": [
          47
        ]
      },
      {
        "function": 999,
        "key_codes": [
          48
        ]
      },
      {
        "function": 999,
        "key_codes": [
          49
        ]
      },
      {
        "function": 999,
        "key_codes": [
          50
        ]
      },
      {
        "function": 999,
        "key_codes": [
          51
        ]
      },
      {
        "function": 999,
        "key_codes": [
          52
        ]
      },
      {
        "function": 999,
        "key_codes": [
          53
        ]
      },
      {
        "function": 999,
        "key_codes": [
          54
        ]
      },
      {
        "function": 999,
        "key_codes": [
          55
        ]
      },
      {
        "function": 999,
        "key_codes": [
          56
        ]
      },
      {
        "function": 999,
        "key_codes": [
          57
        ]
      },
      {
        "function": 999,
        "key_codes": [
          58
        ]
      },
      {
        "function": 999,
        "key_codes": [
          59
        ]
      },
      {
        "function": 999,
        "key_codes": [
          60
        ]
      },
      {
        "function": 999,
        "key_codes": [
          61
        ]
      },
      {
        "function": 999,
        "key_codes": [
          62
        ]
      },
      {
        "function": 999,
        "key_codes": [
          63
        ]
      },
      {
        "function": 999,
        "key_codes": [
          64
        ]
      },
      {
        "function": 999,
        "key_codes": [
          65
        ]
      },
      {
        "function": 999,
        "key_codes": [
          66
        ]
      },
      {
        "function": 999,
        "key_codes": [
          67
        ]
      },
      {
        "function": 999,
        "key_codes": [
          68
        ]
      },
      {
        "function": 999,
        "key_codes": [
          69
        ]
      },
      {
        "function": 999,
        "key_codes": [
          70
        ]
      },
      {
        "function": 999,
        "key_codes": [
          71
        ]
      },
      {
        "function": 999,
        "key_codes": [
          72
        ]
      },
      {
        "function": 999,
        "key_codes": [
          73
        ]
      },
      {
        "function": 999,
        "key_codes": [
          74
        ]
      },
      {
        "function": 999,
        "key_codes": [
          75
        ]
      },
      {
        "function": 999,
        "key_codes": [
          76
        ]
      },
      {
        "function": 999,
        "key_codes": [
          77
        ]
      },
      {
        "function": 999,
        "key_codes": [
          78
        ]
      },
      {
        "function": 999,
        "key_codes": [
          79
        ]
      },
      {
        "function": 999,
        "key_codes": [
          80
        ]
      },
      {
        "function": 999,
        "key_codes": [
          81
        ]
      },
      {
        "function": 999,
        "key_codes": [
          82
        ]
      },
      {
        "function": 999,
        "key_codes": [
          83
        ]
      },
      {
        "function": 999,
        "key_codes": [
          84
        ]
      },
      {
        "function": 999,
        "key_codes": [
          85
        ]
      },
      {
        "function": 999,
        "key_codes": [
          86
        ]
      },
      {
        "function": 999,
        "key_codes": [
          87
        ]
      },
      {
        "function": 999,
        "key_codes": [
          88
        ]
      },
      {
        "function": 999,
        "key_codes": [
          89
        ]
      },
      {
        "function": 999,
        "key_codes": [
          90
        ]
      },
      {
        "function": 999,
        "key_codes": [
          91
        ]
      },
      {
        "function": 999,
        "key_codes": [
          92
        ]
      },
      {
        "function": 999,
        "key_codes": [
          93
        ]
      },
      {
        "function": 999,
        "key_codes": [
          94
        ]
      },
      {
        "function": 999,
        "key_codes": [
          95
        ]
      },
      {
        "function": 999,
        "key_codes": [
          96
        ]
      },
      {
        "function": 999,
        "key_codes": [
          97
        ]
      },
      {
        "function": 999,
        "key_codes": [
          98
        ]
      },
      {
        "function": 999,
        "key_codes": [
          99
        ]
      },
      {
        "function": 999,
        "key_codes": [
          100
        ]
      },
      {
        "function": 999,
        "key_codes": [
          135
        ]
      },
      {
        "function": 999,
        "key_codes": [
          136
        ]
      },
      {
        "function": 999,
        "key_codes": [
          137
        ]
      },
      {
        "function": 999,
        "key_codes": [
          138
        ]
      },
      {
        "function": 999,
        "key_codes": [
          139
        ]
      },
      {
        "function": 999,
        "key_codes": [
          144
        ]
      },
      {
        "function": 999,
        "key_codes": [
          145
        ]
      },
      {
        "function": 999,
        "key_codes": [
          224
        ]
      },
      {
        "function": 999,
        "key_codes": [
          225
        ]
      },
      {
        "function": 999,
        "key_codes": [
          226
        ]
      },
      {
        "function": 999,
        "key_codes": [
          228
        ]
      },
      {
        "function": 999,
        "key_codes": [
          229
        ]
      },
      {
        "function": 999,
        "key_codes": [
          230
        ]
      },
      {
        "function": 999,
        "key_codes": [
          231
        ]
      },
      {
        "function": 999,
        "key_codes": [
          233
        ]
      },
      {
        "function": 999,
        "key_codes": [
          234
        ]
      },
      {
        "function": 999,
        "key_codes": [
          235
        ]
      },
      {
        "function": 999,
        "key_codes": [
          236
        ]
      },
      {
        "function": 999,
        "key_codes": [
          237
        ]
      },
      {
        "function": 999,
        "key_codes": [
          238
        ]
      },
      {
        "function": 999,
        "key_codes": [
          239
        ]
      },
      {
        "function": 999,
        "key_codes": [
          241
        ]
      },
      {
        "function": 999,
        "key_codes": [
          242
        ]
      },
      {
        "function": 999,
        "key_codes": [
          243
        ]
      }
    ],
    "no_live_deploy": 1
  },
  "msi_z1_color_sequence": {
    "repeat": "",
    "data": [
    ]
  },
  "msi_z2_color_sequence": {
    "repeat": "",
    "data": [
    ]
  },
  "msi_z3_color_sequence": {
    "repeat": "",
    "data": [
    ]
  },
  "msi_klm_illumination": {
    "regular_mode_zone_colors": [
      {
        "red": 255,
        "green": 0,
        "blue": 0
      },
      {
        "red": 0,
        "green": 255,
        "blue": 0
      },
      {
        "red": 0,
        "green": 0,
        "blue": 255
      },
      {
        "red": 0,
        "green": 0,
        "blue": 0
      },
      {
        "red": 0,
        "green": 0,
        "blue": 0
      },
      {
        "red": 0,
        "green": 0,
        "blue": 0
      },
      {
        "red": 0,
        "green": 0,
        "blue": 0
      }
    ],
    "sleep_mode_zone_colors": [
      {
        "red": 255,
        "green": 0,
        "blue": 0
      },
      {
        "red": 0,
        "green": 255,
        "blue": 0
      },
      {
        "red": 0,
        "green": 0,
        "blue": 255
      },
      {
        "red": 0,
        "green": 0,
        "blue": 0
      },
      {
        "red": 0,
        "green": 0,
        "blue": 0
      },
      {
        "red": 0,
        "green": 0,
        "blue": 0
      },
      {
        "red": 0,
        "green": 0,
        "blue": 0
      }
    ],
    "regular_mode": 1,
    "sleep_mode": 7
  },
  "global_brightness": {
    "level": 3
  }
}','
{
  "msi_region_layout_id": {
    "id": 3
  },
  "z1_illumination_disabled": 0,
  "z2_illumination_disabled": 0,
  "z3_illumination_disabled": 0
}');
INSERT INTO physical_devices(product_id, bootloader_product_id, name, full_name) values(272113677, 272113677, 'msi_gs63', 'MSI GS63');
INSERT INTO devices_to_physical_devices(physical_device_product_id, main_device_product_id) values(272113677, 272113677);
-- additional configs for GS63
INSERT INTO initial_configurations (id, device_id, name, settings, undeployedsettings) VALUES (
30, 67, 'Default 2',
'{"button_mappings":{"buttons":[{"function":999,"key_codes":[4]},{"function":999,"key_codes":[5]},{"function":999,"key_codes":[6]},{"function":999,"key_codes":[7]},{"function":999,"key_codes":[8]},{"function":999,"key_codes":[9]},{"function":999,"key_codes":[10]},{"function":999,"key_codes":[11]},{"function":999,"key_codes":[12]},{"function":999,"key_codes":[13]},{"function":999,"key_codes":[14]},{"function":999,"key_codes":[15]},{"function":999,"key_codes":[16]},{"function":999,"key_codes":[17]},{"function":999,"key_codes":[18]},{"function":999,"key_codes":[19]},{"function":999,"key_codes":[20]},{"function":999,"key_codes":[21]},{"function":999,"key_codes":[22]},{"function":999,"key_codes":[23]},{"function":999,"key_codes":[24]},{"function":999,"key_codes":[25]},{"function":999,"key_codes":[26]},{"function":999,"key_codes":[27]},{"function":999,"key_codes":[28]},{"function":999,"key_codes":[29]},{"function":999,"key_codes":[30]},{"function":999,"key_codes":[31]},{"function":999,"key_codes":[32]},{"function":999,"key_codes":[33]},{"function":999,"key_codes":[34]},{"function":999,"key_codes":[35]},{"function":999,"key_codes":[36]},{"function":999,"key_codes":[37]},{"function":999,"key_codes":[38]},{"function":999,"key_codes":[39]},{"function":999,"key_codes":[40]},{"function":999,"key_codes":[41]},{"function":999,"key_codes":[42]},{"function":999,"key_codes":[43]},{"function":999,"key_codes":[44]},{"function":999,"key_codes":[45]},{"function":999,"key_codes":[46]},{"function":999,"key_codes":[47]},{"function":999,"key_codes":[48]},{"function":999,"key_codes":[49]},{"function":999,"key_codes":[50]},{"function":999,"key_codes":[51]},{"function":999,"key_codes":[52]},{"function":999,"key_codes":[53]},{"function":999,"key_codes":[54]},{"function":999,"key_codes":[55]},{"function":999,"key_codes":[56]},{"function":999,"key_codes":[57]},{"function":999,"key_codes":[58]},{"function":999,"key_codes":[59]},{"function":999,"key_codes":[60]},{"function":999,"key_codes":[61]},{"function":999,"key_codes":[62]},{"function":999,"key_codes":[63]},{"function":999,"key_codes":[64]},{"function":999,"key_codes":[65]},{"function":999,"key_codes":[66]},{"function":999,"key_codes":[67]},{"function":999,"key_codes":[68]},{"function":999,"key_codes":[69]},{"function":999,"key_codes":[70]},{"function":999,"key_codes":[71]},{"function":999,"key_codes":[72]},{"function":999,"key_codes":[73]},{"function":999,"key_codes":[74]},{"function":999,"key_codes":[75]},{"function":999,"key_codes":[76]},{"function":999,"key_codes":[77]},{"function":999,"key_codes":[78]},{"function":999,"key_codes":[79]},{"function":999,"key_codes":[80]},{"function":999,"key_codes":[81]},{"function":999,"key_codes":[82]},{"function":999,"key_codes":[83]},{"function":999,"key_codes":[84]},{"function":999,"key_codes":[85]},{"function":999,"key_codes":[86]},{"function":999,"key_codes":[87]},{"function":999,"key_codes":[88]},{"function":999,"key_codes":[89]},{"function":999,"key_codes":[90]},{"function":999,"key_codes":[91]},{"function":999,"key_codes":[92]},{"function":999,"key_codes":[93]},{"function":999,"key_codes":[94]},{"function":999,"key_codes":[95]},{"function":999,"key_codes":[96]},{"function":999,"key_codes":[97]},{"function":999,"key_codes":[98]},{"function":999,"key_codes":[99]},{"function":999,"key_codes":[100]},{"function":999,"key_codes":[135]},{"function":999,"key_codes":[136]},{"function":999,"key_codes":[137]},{"function":999,"key_codes":[138]},{"function":999,"key_codes":[139]},{"function":999,"key_codes":[144]},{"function":999,"key_codes":[145]},{"function":999,"key_codes":[224]},{"function":999,"key_codes":[225]},{"function":999,"key_codes":[226]},{"function":999,"key_codes":[228]},{"function":999,"key_codes":[229]},{"function":999,"key_codes":[230]},{"function":999,"key_codes":[231]},{"function":999,"key_codes":[233]},{"function":999,"key_codes":[234]},{"function":999,"key_codes":[235]},{"function":999,"key_codes":[236]},{"function":999,"key_codes":[237]},{"function":999,"key_codes":[238]},{"function":999,"key_codes":[239]},{"function":999,"key_codes":[241]},{"function":999,"key_codes":[242]},{"function":999,"key_codes":[243]}],"no_live_deploy":1},"msi_z1_color_sequence":{"repeat":255,"data":[[0,0,0],[13,0,0],[26,0,0],[39,0,0],[53,0,0],[66,0,0],[79,0,0],[92,0,0],[106,0,0],[119,0,0],[132,0,0],[146,0,0],[159,0,0],[172,0,0],[185,0,0],[199,0,0],[212,0,0],[225,0,0],[239,0,0],[252,0,0],[240,0,0],[228,0,0],[217,0,0],[205,0,0],[193,0,0],[182,0,0],[170,0,0],[158,0,0],[146,0,0],[135,0,0],[123,0,0],[112,0,0],[100,0,0],[88,0,0],[77,0,0],[65,0,0],[53,0,0],[41,0,0],[30,0,0],[18,0,0],[7,0,0],[19,13,0],[32,26,0],[45,39,0],[58,53,0],[71,66,0],[84,79,0],[97,92,0],[110,106,0],[123,119,0],[136,132,0],[149,146,0],[162,159,0],[174,172,0],[187,185,0],[200,199,0],[213,212,0],[226,225,0],[239,239,0],[252,252,0],[238,238,0],[225,225,0],[212,212,0],[199,199,0],[186,186,0],[173,173,0],[160,160,0],[146,146,0],[133,133,0],[120,120,0],[107,107,0],[94,94,0],[81,81,0],[68,68,0],[55,55,0],[41,41,0],[28,28,0],[15,15,0],[2,2,0],[1,13,0],[1,25,0],[1,37,0],[1,48,0],[1,60,0],[1,72,0],[1,83,0],[1,95,0],[1,107,0],[1,119,0],[0,130,0],[0,142,0],[0,154,0],[0,165,0],[0,177,0],[0,189,0],[0,201,0],[0,212,0],[0,224,0],[0,236,0],[0,247,0],[0,234,0],[0,221,0],[0,208,0],[0,195,0],[0,182,0],[0,169,0],[0,156,0],[0,144,0],[0,131,0],[0,118,0],[0,105,0],[0,92,0],[0,79,0],[0,66,0],[0,54,0],[0,41,0],[0,28,0],[0,15,0],[0,2,0],[0,15,13],[0,28,26],[0,41,39],[0,54,53],[0,67,66],[0,81,79],[0,94,92],[0,107,106],[0,120,119],[0,133,132],[0,146,146],[0,160,159],[0,173,172],[0,186,185],[0,199,199],[0,212,212],[0,226,225],[0,239,239],[0,252,252],[0,240,240],[0,228,228],[0,217,217],[0,205,205],[0,193,193],[0,182,182],[0,170,170],[0,158,158],[0,146,146],[0,135,135],[0,123,123],[0,112,112],[0,100,100],[0,88,88],[0,77,77],[0,65,65],[0,53,53],[0,41,41],[0,30,30],[0,18,18],[0,7,7],[0,6,19],[0,6,32],[0,5,45],[0,5,58],[0,5,71],[0,4,84],[0,4,97],[0,4,110],[0,3,123],[0,3,136],[0,2,149],[0,2,162],[0,2,174],[0,1,187],[0,1,200],[0,1,213],[0,0,226],[0,0,239],[0,0,252],[0,0,238],[0,0,225],[0,0,212],[0,0,199],[0,0,186],[0,0,173],[0,0,160],[0,0,146],[0,0,133],[0,0,120],[0,0,107],[0,0,94],[0,0,81],[0,0,68],[0,0,55],[0,0,41],[0,0,28],[0,0,15],[0,0,2],[11,0,13],[23,0,25],[35,0,37],[47,0,48],[59,0,60],[70,0,72],[82,0,83],[94,0,95],[106,0,107],[118,0,119],[129,0,130],[141,0,142],[153,0,154],[165,0,165],[177,0,177],[188,0,189],[200,0,201],[212,0,212],[224,0,224],[236,0,236],[247,0,247],[234,0,234],[221,0,221],[208,0,208],[195,0,195],[182,0,182],[169,0,169],[156,0,156],[144,0,144],[131,0,131],[118,0,118],[105,0,105],[92,0,92],[79,0,79],[66,0,66],[54,0,54],[41,0,41],[28,0,28],[15,0,15],[2,0,2],[0,0,0]]},"msi_z2_color_sequence":{"repeat":255,"data":[[0,0,0],[13,0,0],[26,0,0],[39,0,0],[53,0,0],[66,0,0],[79,0,0],[92,0,0],[106,0,0],[119,0,0],[132,0,0],[146,0,0],[159,0,0],[172,0,0],[185,0,0],[199,0,0],[212,0,0],[225,0,0],[239,0,0],[252,0,0],[240,0,0],[228,0,0],[217,0,0],[205,0,0],[193,0,0],[182,0,0],[170,0,0],[158,0,0],[146,0,0],[135,0,0],[123,0,0],[112,0,0],[100,0,0],[88,0,0],[77,0,0],[65,0,0],[53,0,0],[41,0,0],[30,0,0],[18,0,0],[7,0,0],[19,13,0],[32,26,0],[45,39,0],[58,53,0],[71,66,0],[84,79,0],[97,92,0],[110,106,0],[123,119,0],[136,132,0],[149,146,0],[162,159,0],[174,172,0],[187,185,0],[200,199,0],[213,212,0],[226,225,0],[239,239,0],[252,252,0],[238,238,0],[225,225,0],[212,212,0],[199,199,0],[186,186,0],[173,173,0],[160,160,0],[146,146,0],[133,133,0],[120,120,0],[107,107,0],[94,94,0],[81,81,0],[68,68,0],[55,55,0],[41,41,0],[28,28,0],[15,15,0],[2,2,0],[1,13,0],[1,25,0],[1,37,0],[1,48,0],[1,60,0],[1,72,0],[1,83,0],[1,95,0],[1,107,0],[1,119,0],[0,130,0],[0,142,0],[0,154,0],[0,165,0],[0,177,0],[0,189,0],[0,201,0],[0,212,0],[0,224,0],[0,236,0],[0,247,0],[0,234,0],[0,221,0],[0,208,0],[0,195,0],[0,182,0],[0,169,0],[0,156,0],[0,144,0],[0,131,0],[0,118,0],[0,105,0],[0,92,0],[0,79,0],[0,66,0],[0,54,0],[0,41,0],[0,28,0],[0,15,0],[0,2,0],[0,15,13],[0,28,26],[0,41,39],[0,54,53],[0,67,66],[0,81,79],[0,94,92],[0,107,106],[0,120,119],[0,133,132],[0,146,146],[0,160,159],[0,173,172],[0,186,185],[0,199,199],[0,212,212],[0,226,225],[0,239,239],[0,252,252],[0,240,240],[0,228,228],[0,217,217],[0,205,205],[0,193,193],[0,182,182],[0,170,170],[0,158,158],[0,146,146],[0,135,135],[0,123,123],[0,112,112],[0,100,100],[0,88,88],[0,77,77],[0,65,65],[0,53,53],[0,41,41],[0,30,30],[0,18,18],[0,7,7],[0,6,19],[0,6,32],[0,5,45],[0,5,58],[0,5,71],[0,4,84],[0,4,97],[0,4,110],[0,3,123],[0,3,136],[0,2,149],[0,2,162],[0,2,174],[0,1,187],[0,1,200],[0,1,213],[0,0,226],[0,0,239],[0,0,252],[0,0,238],[0,0,225],[0,0,212],[0,0,199],[0,0,186],[0,0,173],[0,0,160],[0,0,146],[0,0,133],[0,0,120],[0,0,107],[0,0,94],[0,0,81],[0,0,68],[0,0,55],[0,0,41],[0,0,28],[0,0,15],[0,0,2],[11,0,13],[23,0,25],[35,0,37],[47,0,48],[59,0,60],[70,0,72],[82,0,83],[94,0,95],[106,0,107],[118,0,119],[129,0,130],[141,0,142],[153,0,154],[165,0,165],[177,0,177],[188,0,189],[200,0,201],[212,0,212],[224,0,224],[236,0,236],[247,0,247],[234,0,234],[221,0,221],[208,0,208],[195,0,195],[182,0,182],[169,0,169],[156,0,156],[144,0,144],[131,0,131],[118,0,118],[105,0,105],[92,0,92],[79,0,79],[66,0,66],[54,0,54],[41,0,41],[28,0,28],[15,0,15],[2,0,2],[0,0,0]]},"msi_z3_color_sequence":{"repeat":255,"data":[[0,0,0],[13,0,0],[26,0,0],[39,0,0],[53,0,0],[66,0,0],[79,0,0],[92,0,0],[106,0,0],[119,0,0],[132,0,0],[146,0,0],[159,0,0],[172,0,0],[185,0,0],[199,0,0],[212,0,0],[225,0,0],[239,0,0],[252,0,0],[240,0,0],[228,0,0],[217,0,0],[205,0,0],[193,0,0],[182,0,0],[170,0,0],[158,0,0],[146,0,0],[135,0,0],[123,0,0],[112,0,0],[100,0,0],[88,0,0],[77,0,0],[65,0,0],[53,0,0],[41,0,0],[30,0,0],[18,0,0],[7,0,0],[19,13,0],[32,26,0],[45,39,0],[58,53,0],[71,66,0],[84,79,0],[97,92,0],[110,106,0],[123,119,0],[136,132,0],[149,146,0],[162,159,0],[174,172,0],[187,185,0],[200,199,0],[213,212,0],[226,225,0],[239,239,0],[252,252,0],[238,238,0],[225,225,0],[212,212,0],[199,199,0],[186,186,0],[173,173,0],[160,160,0],[146,146,0],[133,133,0],[120,120,0],[107,107,0],[94,94,0],[81,81,0],[68,68,0],[55,55,0],[41,41,0],[28,28,0],[15,15,0],[2,2,0],[1,13,0],[1,25,0],[1,37,0],[1,48,0],[1,60,0],[1,72,0],[1,83,0],[1,95,0],[1,107,0],[1,119,0],[0,130,0],[0,142,0],[0,154,0],[0,165,0],[0,177,0],[0,189,0],[0,201,0],[0,212,0],[0,224,0],[0,236,0],[0,247,0],[0,234,0],[0,221,0],[0,208,0],[0,195,0],[0,182,0],[0,169,0],[0,156,0],[0,144,0],[0,131,0],[0,118,0],[0,105,0],[0,92,0],[0,79,0],[0,66,0],[0,54,0],[0,41,0],[0,28,0],[0,15,0],[0,2,0],[0,15,13],[0,28,26],[0,41,39],[0,54,53],[0,67,66],[0,81,79],[0,94,92],[0,107,106],[0,120,119],[0,133,132],[0,146,146],[0,160,159],[0,173,172],[0,186,185],[0,199,199],[0,212,212],[0,226,225],[0,239,239],[0,252,252],[0,240,240],[0,228,228],[0,217,217],[0,205,205],[0,193,193],[0,182,182],[0,170,170],[0,158,158],[0,146,146],[0,135,135],[0,123,123],[0,112,112],[0,100,100],[0,88,88],[0,77,77],[0,65,65],[0,53,53],[0,41,41],[0,30,30],[0,18,18],[0,7,7],[0,6,19],[0,6,32],[0,5,45],[0,5,58],[0,5,71],[0,4,84],[0,4,97],[0,4,110],[0,3,123],[0,3,136],[0,2,149],[0,2,162],[0,2,174],[0,1,187],[0,1,200],[0,1,213],[0,0,226],[0,0,239],[0,0,252],[0,0,238],[0,0,225],[0,0,212],[0,0,199],[0,0,186],[0,0,173],[0,0,160],[0,0,146],[0,0,133],[0,0,120],[0,0,107],[0,0,94],[0,0,81],[0,0,68],[0,0,55],[0,0,41],[0,0,28],[0,0,15],[0,0,2],[11,0,13],[23,0,25],[35,0,37],[47,0,48],[59,0,60],[70,0,72],[82,0,83],[94,0,95],[106,0,107],[118,0,119],[129,0,130],[141,0,142],[153,0,154],[165,0,165],[177,0,177],[188,0,189],[200,0,201],[212,0,212],[224,0,224],[236,0,236],[247,0,247],[234,0,234],[221,0,221],[208,0,208],[195,0,195],[182,0,182],[169,0,169],[156,0,156],[144,0,144],[131,0,131],[118,0,118],[105,0,105],[92,0,92],[79,0,79],[66,0,66],[54,0,54],[41,0,41],[28,0,28],[15,0,15],[2,0,2],[0,0,0]]},"msi_klm_illumination":{"regular_mode_zone_colors":[{"red":255,"green":0,"blue":0},{"red":0,"green":255,"blue":0},{"red":0,"green":0,"blue":255},{"red":0,"green":0,"blue":0},{"red":0,"green":0,"blue":0},{"red":0,"green":0,"blue":0},{"red":0,"green":0,"blue":0}],"sleep_mode_zone_colors":[{"red":255,"green":0,"blue":0},{"red":0,"green":255,"blue":0},{"red":0,"green":0,"blue":255},{"red":0,"green":0,"blue":0},{"red":0,"green":0,"blue":0},{"red":0,"green":0,"blue":0},{"red":0,"green":0,"blue":0}],"regular_mode":1,"sleep_mode":8},"global_brightness":{"level":3}}',
'{ "msi_region_layout_id": { "id": 3 }, "z1_illumination_disabled": 0, "z2_illumination_disabled": 0, "z3_illumination_disabled": 0 }'
);
INSERT INTO initial_configurations (id, device_id, name, settings, undeployedsettings) VALUES (
31, 67, 'Default 3',
'{"button_mappings":{"buttons":[{"function":999,"key_codes":[4]},{"function":999,"key_codes":[5]},{"function":999,"key_codes":[6]},{"function":999,"key_codes":[7]},{"function":999,"key_codes":[8]},{"function":999,"key_codes":[9]},{"function":999,"key_codes":[10]},{"function":999,"key_codes":[11]},{"function":999,"key_codes":[12]},{"function":999,"key_codes":[13]},{"function":999,"key_codes":[14]},{"function":999,"key_codes":[15]},{"function":999,"key_codes":[16]},{"function":999,"key_codes":[17]},{"function":999,"key_codes":[18]},{"function":999,"key_codes":[19]},{"function":999,"key_codes":[20]},{"function":999,"key_codes":[21]},{"function":999,"key_codes":[22]},{"function":999,"key_codes":[23]},{"function":999,"key_codes":[24]},{"function":999,"key_codes":[25]},{"function":999,"key_codes":[26]},{"function":999,"key_codes":[27]},{"function":999,"key_codes":[28]},{"function":999,"key_codes":[29]},{"function":999,"key_codes":[30]},{"function":999,"key_codes":[31]},{"function":999,"key_codes":[32]},{"function":999,"key_codes":[33]},{"function":999,"key_codes":[34]},{"function":999,"key_codes":[35]},{"function":999,"key_codes":[36]},{"function":999,"key_codes":[37]},{"function":999,"key_codes":[38]},{"function":999,"key_codes":[39]},{"function":999,"key_codes":[40]},{"function":999,"key_codes":[41]},{"function":999,"key_codes":[42]},{"function":999,"key_codes":[43]},{"function":999,"key_codes":[44]},{"function":999,"key_codes":[45]},{"function":999,"key_codes":[46]},{"function":999,"key_codes":[47]},{"function":999,"key_codes":[48]},{"function":999,"key_codes":[49]},{"function":999,"key_codes":[50]},{"function":999,"key_codes":[51]},{"function":999,"key_codes":[52]},{"function":999,"key_codes":[53]},{"function":999,"key_codes":[54]},{"function":999,"key_codes":[55]},{"function":999,"key_codes":[56]},{"function":999,"key_codes":[57]},{"function":999,"key_codes":[58]},{"function":999,"key_codes":[59]},{"function":999,"key_codes":[60]},{"function":999,"key_codes":[61]},{"function":999,"key_codes":[62]},{"function":999,"key_codes":[63]},{"function":999,"key_codes":[64]},{"function":999,"key_codes":[65]},{"function":999,"key_codes":[66]},{"function":999,"key_codes":[67]},{"function":999,"key_codes":[68]},{"function":999,"key_codes":[69]},{"function":999,"key_codes":[70]},{"function":999,"key_codes":[71]},{"function":999,"key_codes":[72]},{"function":999,"key_codes":[73]},{"function":999,"key_codes":[74]},{"function":999,"key_codes":[75]},{"function":999,"key_codes":[76]},{"function":999,"key_codes":[77]},{"function":999,"key_codes":[78]},{"function":999,"key_codes":[79]},{"function":999,"key_codes":[80]},{"function":999,"key_codes":[81]},{"function":999,"key_codes":[82]},{"function":999,"key_codes":[83]},{"function":999,"key_codes":[84]},{"function":999,"key_codes":[85]},{"function":999,"key_codes":[86]},{"function":999,"key_codes":[87]},{"function":999,"key_codes":[88]},{"function":999,"key_codes":[89]},{"function":999,"key_codes":[90]},{"function":999,"key_codes":[91]},{"function":999,"key_codes":[92]},{"function":999,"key_codes":[93]},{"function":999,"key_codes":[94]},{"function":999,"key_codes":[95]},{"function":999,"key_codes":[96]},{"function":999,"key_codes":[97]},{"function":999,"key_codes":[98]},{"function":999,"key_codes":[99]},{"function":999,"key_codes":[100]},{"function":999,"key_codes":[135]},{"function":999,"key_codes":[136]},{"function":999,"key_codes":[137]},{"function":999,"key_codes":[138]},{"function":999,"key_codes":[139]},{"function":999,"key_codes":[144]},{"function":999,"key_codes":[145]},{"function":999,"key_codes":[224]},{"function":999,"key_codes":[225]},{"function":999,"key_codes":[226]},{"function":999,"key_codes":[228]},{"function":999,"key_codes":[229]},{"function":999,"key_codes":[230]},{"function":999,"key_codes":[231]},{"function":999,"key_codes":[233]},{"function":999,"key_codes":[234]},{"function":999,"key_codes":[235]},{"function":999,"key_codes":[236]},{"function":999,"key_codes":[237]},{"function":999,"key_codes":[238]},{"function":999,"key_codes":[239]},{"function":999,"key_codes":[241]},{"function":999,"key_codes":[242]},{"function":999,"key_codes":[243]}],"no_live_deploy":1},"msi_z1_color_sequence":{"repeat":255,"data":[[255,0,225],[255,4,220],[255,9,215],[255,14,211],[255,18,206],[255,23,202],[255,28,197],[255,33,193],[255,37,188],[255,42,184],[255,47,179],[255,52,175],[255,56,170],[255,61,165],[255,66,161],[255,70,156],[255,75,152],[255,80,147],[255,85,143],[255,89,138],[255,94,134],[255,99,129],[255,104,125],[255,108,120],[255,113,115],[255,118,111],[255,122,106],[255,127,102],[255,132,97],[255,137,93],[255,141,88],[255,146,84],[255,151,79],[255,156,75],[255,160,70],[255,165,65],[255,170,61],[255,174,56],[255,179,52],[255,184,47],[255,189,43],[255,193,38],[255,198,34],[254,203,29],[255,208,25],[255,212,20],[255,217,15],[255,222,11],[255,226,6],[255,231,2],[249,230,7],[244,229,12],[239,229,17],[234,228,22],[229,228,27],[224,227,32],[218,227,37],[213,226,42],[208,226,48],[203,225,53],[198,225,58],[193,224,63],[188,223,68],[182,223,73],[177,222,78],[172,222,83],[167,221,88],[162,221,94],[157,220,99],[151,220,104],[146,219,109],[141,219,114],[136,218,119],[131,217,124],[126,217,129],[121,216,134],[115,216,140],[110,215,145],[105,215,150],[100,214,155],[95,214,160],[90,213,165],[85,213,170],[79,212,175],[74,211,180],[69,211,186],[64,210,191],[59,210,196],[54,209,201],[48,209,206],[43,208,211],[38,208,216],[33,207,221],[28,207,226],[23,206,232],[18,205,237],[12,205,242],[7,204,247],[2,204,252],[6,200,251],[11,196,250],[16,192,250],[21,188,249],[26,184,249],[31,180,248],[36,176,248],[41,172,247],[46,168,247],[51,164,246],[56,160,246],[61,156,245],[66,152,245],[71,148,244],[76,144,244],[81,140,243],[86,136,243],[91,131,242],[96,128,241],[101,124,241],[106,120,240],[111,116,240],[116,112,239],[121,108,239],[126,104,238],[130,100,238],[135,96,237],[140,91,237],[145,88,236],[150,84,236],[155,80,235],[160,76,235],[165,72,234],[170,68,234],[175,64,233],[180,59,232],[185,56,232],[190,52,231],[195,48,231],[200,44,230],[205,39,230],[210,36,229],[215,32,229],[220,27,228],[225,24,228],[230,19,227],[235,16,227],[240,12,226],[245,7,226],[250,4,225],[255,0,225],[255,0,225]]},"msi_z2_color_sequence":{"repeat":255,"data":[[255,0,225],[255,4,220],[255,9,215],[255,14,211],[255,18,206],[255,23,202],[255,28,197],[255,33,193],[255,37,188],[255,42,184],[255,47,179],[255,52,175],[255,56,170],[255,61,165],[255,66,161],[255,70,156],[255,75,152],[255,80,147],[255,85,143],[255,89,138],[255,94,134],[255,99,129],[255,104,125],[255,108,120],[255,113,115],[255,118,111],[255,122,106],[255,127,102],[255,132,97],[255,137,93],[255,141,88],[255,146,84],[255,151,79],[255,156,75],[255,160,70],[255,165,65],[255,170,61],[255,174,56],[255,179,52],[255,184,47],[255,189,43],[255,193,38],[255,198,34],[254,203,29],[255,208,25],[255,212,20],[255,217,15],[255,222,11],[255,226,6],[255,231,2],[249,230,7],[244,229,12],[239,229,17],[234,228,22],[229,228,27],[224,227,32],[218,227,37],[213,226,42],[208,226,48],[203,225,53],[198,225,58],[193,224,63],[188,223,68],[182,223,73],[177,222,78],[172,222,83],[167,221,88],[162,221,94],[157,220,99],[151,220,104],[146,219,109],[141,219,114],[136,218,119],[131,217,124],[126,217,129],[121,216,134],[115,216,140],[110,215,145],[105,215,150],[100,214,155],[95,214,160],[90,213,165],[85,213,170],[79,212,175],[74,211,180],[69,211,186],[64,210,191],[59,210,196],[54,209,201],[48,209,206],[43,208,211],[38,208,216],[33,207,221],[28,207,226],[23,206,232],[18,205,237],[12,205,242],[7,204,247],[2,204,252],[6,200,251],[11,196,250],[16,192,250],[21,188,249],[26,184,249],[31,180,248],[36,176,248],[41,172,247],[46,168,247],[51,164,246],[56,160,246],[61,156,245],[66,152,245],[71,148,244],[76,144,244],[81,140,243],[86,136,243],[91,131,242],[96,128,241],[101,124,241],[106,120,240],[111,116,240],[116,112,239],[121,108,239],[126,104,238],[130,100,238],[135,96,237],[140,91,237],[145,88,236],[150,84,236],[155,80,235],[160,76,235],[165,72,234],[170,68,234],[175,64,233],[180,59,232],[185,56,232],[190,52,231],[195,48,231],[200,44,230],[205,39,230],[210,36,229],[215,32,229],[220,27,228],[225,24,228],[230,19,227],[235,16,227],[240,12,226],[245,7,226],[250,4,225],[255,0,225],[255,0,225]]},"msi_z3_color_sequence":{"repeat":255,"data":[[255,0,225],[255,4,220],[255,9,215],[255,14,211],[255,18,206],[255,23,202],[255,28,197],[255,33,193],[255,37,188],[255,42,184],[255,47,179],[255,52,175],[255,56,170],[255,61,165],[255,66,161],[255,70,156],[255,75,152],[255,80,147],[255,85,143],[255,89,138],[255,94,134],[255,99,129],[255,104,125],[255,108,120],[255,113,115],[255,118,111],[255,122,106],[255,127,102],[255,132,97],[255,137,93],[255,141,88],[255,146,84],[255,151,79],[255,156,75],[255,160,70],[255,165,65],[255,170,61],[255,174,56],[255,179,52],[255,184,47],[255,189,43],[255,193,38],[255,198,34],[254,203,29],[255,208,25],[255,212,20],[255,217,15],[255,222,11],[255,226,6],[255,231,2],[249,230,7],[244,229,12],[239,229,17],[234,228,22],[229,228,27],[224,227,32],[218,227,37],[213,226,42],[208,226,48],[203,225,53],[198,225,58],[193,224,63],[188,223,68],[182,223,73],[177,222,78],[172,222,83],[167,221,88],[162,221,94],[157,220,99],[151,220,104],[146,219,109],[141,219,114],[136,218,119],[131,217,124],[126,217,129],[121,216,134],[115,216,140],[110,215,145],[105,215,150],[100,214,155],[95,214,160],[90,213,165],[85,213,170],[79,212,175],[74,211,180],[69,211,186],[64,210,191],[59,210,196],[54,209,201],[48,209,206],[43,208,211],[38,208,216],[33,207,221],[28,207,226],[23,206,232],[18,205,237],[12,205,242],[7,204,247],[2,204,252],[6,200,251],[11,196,250],[16,192,250],[21,188,249],[26,184,249],[31,180,248],[36,176,248],[41,172,247],[46,168,247],[51,164,246],[56,160,246],[61,156,245],[66,152,245],[71,148,244],[76,144,244],[81,140,243],[86,136,243],[91,131,242],[96,128,241],[101,124,241],[106,120,240],[111,116,240],[116,112,239],[121,108,239],[126,104,238],[130,100,238],[135,96,237],[140,91,237],[145,88,236],[150,84,236],[155,80,235],[160,76,235],[165,72,234],[170,68,234],[175,64,233],[180,59,232],[185,56,232],[190,52,231],[195,48,231],[200,44,230],[205,39,230],[210,36,229],[215,32,229],[220,27,228],[225,24,228],[230,19,227],[235,16,227],[240,12,226],[245,7,226],[250,4,225],[255,0,225],[255,0,225]]},"msi_klm_illumination":{"regular_mode_zone_colors":[{"red":255,"green":0,"blue":0},{"red":0,"green":255,"blue":0},{"red":0,"green":0,"blue":255},{"red":0,"green":0,"blue":0},{"red":0,"green":0,"blue":0},{"red":0,"green":0,"blue":0},{"red":0,"green":0,"blue":0}],"sleep_mode_zone_colors":[{"red":255,"green":0,"blue":0},{"red":0,"green":255,"blue":0},{"red":0,"green":0,"blue":255},{"red":0,"green":0,"blue":0},{"red":0,"green":0,"blue":0},{"red":0,"green":0,"blue":0},{"red":0,"green":0,"blue":0}],"regular_mode":1,"sleep_mode":240},"global_brightness":{"level":3}}',
'{ "msi_region_layout_id": { "id": 3 }, "z1_illumination_disabled": 0, "z2_illumination_disabled": 0, "z3_illumination_disabled": 0 }'
);
INSERT INTO initial_configurations (id, device_id, name, settings, undeployedsettings) VALUES (
32, 67, 'Default 4',
'{ "button_mappings": {"buttons": [{"function":999,"key_codes":[4]},{"function":999,"key_codes":[5]},{"function":999,"key_codes":[6]},{"function":999,"key_codes":[7]},{"function":999,"key_codes":[8]},{"function":999,"key_codes":[9]},{"function":999,"key_codes":[10]},{"function":999,"key_codes":[11]},{"function":999,"key_codes":[12]},{"function":999,"key_codes":[13]},{"function":999,"key_codes":[14]},{"function":999,"key_codes":[15]},{"function":999,"key_codes":[16]},{"function":999,"key_codes":[17]},{"function":999,"key_codes":[18]},{"function":999,"key_codes":[19]},{"function":999,"key_codes":[20]},{"function":999,"key_codes":[21]},{"function":999,"key_codes":[22]},{"function":999,"key_codes":[23]},{"function":999,"key_codes":[24]},{"function":999,"key_codes":[25]},{"function":999,"key_codes":[26]},{"function":999,"key_codes":[27]},{"function":999,"key_codes":[28]},{"function":999,"key_codes":[29]},{"function":999,"key_codes":[30]},{"function":999,"key_codes":[31]},{"function":999,"key_codes":[32]},{"function":999,"key_codes":[33]},{"function":999,"key_codes":[34]},{"function":999,"key_codes":[35]},{"function":999,"key_codes":[36]},{"function":999,"key_codes":[37]},{"function":999,"key_codes":[38]},{"function":999,"key_codes":[39]},{"function":999,"key_codes":[40]},{"function":999,"key_codes":[41]},{"function":999,"key_codes":[42]},{"function":999,"key_codes":[43]},{"function":999,"key_codes":[44]},{"function":999,"key_codes":[45]},{"function":999,"key_codes":[46]},{"function":999,"key_codes":[47]},{"function":999,"key_codes":[48]},{"function":999,"key_codes":[49]},{"function":999,"key_codes":[50]},{"function":999,"key_codes":[51]},{"function":999,"key_codes":[52]},{"function":999,"key_codes":[53]},{"function":999,"key_codes":[54]},{"function":999,"key_codes":[55]},{"function":999,"key_codes":[56]},{"function":999,"key_codes":[57]},{"function":999,"key_codes":[58]},{"function":999,"key_codes":[59]},{"function":999,"key_codes":[60]},{"function":999,"key_codes":[61]},{"function":999,"key_codes":[62]},{"function":999,"key_codes":[63]},{"function":999,"key_codes":[64]},{"function":999,"key_codes":[65]},{"function":999,"key_codes":[66]},{"function":999,"key_codes":[67]},{"function":999,"key_codes":[68]},{"function":999,"key_codes":[69]},{"function":999,"key_codes":[70]},{"function":999,"key_codes":[71]},{"function":999,"key_codes":[72]},{"function":999,"key_codes":[73]},{"function":999,"key_codes":[74]},{"function":999,"key_codes":[75]},{"function":999,"key_codes":[76]},{"function":999,"key_codes":[77]},{"function":999,"key_codes":[78]},{"function":999,"key_codes":[79]},{"function":999,"key_codes":[80]},{"function":999,"key_codes":[81]},{"function":999,"key_codes":[82]},{"function":999,"key_codes":[83]},{"function":999,"key_codes":[84]},{"function":999,"key_codes":[85]},{"function":999,"key_codes":[86]},{"function":999,"key_codes":[87]},{"function":999,"key_codes":[88]},{"function":999,"key_codes":[89]},{"function":999,"key_codes":[90]},{"function":999,"key_codes":[91]},{"function":999,"key_codes":[92]},{"function":999,"key_codes":[93]},{"function":999,"key_codes":[94]},{"function":999,"key_codes":[95]},{"function":999,"key_codes":[96]},{"function":999,"key_codes":[97]},{"function":999,"key_codes":[98]},{"function":999,"key_codes":[99]},{"function":999,"key_codes":[100]},{"function":999,"key_codes":[135]},{"function":999,"key_codes":[136]},{"function":999,"key_codes":[137]},{"function":999,"key_codes":[138]},{"function":999,"key_codes":[139]},{"function":999,"key_codes":[144]},{"function":999,"key_codes":[145]},{"function":999,"key_codes":[224]},{"function":999,"key_codes":[225]},{"function":999,"key_codes":[226]},{"function":999,"key_codes":[228]},{"function":999,"key_codes":[229]},{"function":999,"key_codes":[230]},{"function":999, "key_codes":[231]},{"function":999, "key_codes":[233]},{"function":999, "key_codes":[234]},{"function":999, "key_codes":[235]},{"function":999, "key_codes":[236]},{"function":999, "key_codes":[237]},{"function":999, "key_codes":[238]},{"function":999, "key_codes":[239]},{"function":999, "key_codes":[241]},{"function":999, "key_codes":[242]},{"function":999, "key_codes":[243]}], "no_live_deploy":1 }, "msi_z1_color_sequence": {"repeat":"", "data":[]},"msi_z2_color_sequence": {"repeat":"", "data":[]},"msi_z3_color_sequence": {"repeat":"", "data":[]}, "msi_klm_illumination": { "regular_mode_zone_colors": [{"red": 255, "green": 0, "blue": 0},{"red": 255, "green": 0, "blue": 0},{"red": 255, "green": 0, "blue": 0},{"red":0,"green":0,"blue":0},{"red":0,"green":0,"blue":0},{"red":0,"green":0,"blue":0},{"red":0,"green":0,"blue":0}], "sleep_mode_zone_colors": [{"red": 255, "green": 0, "blue": 0},{"red": 255, "green": 0, "blue": 0},{"red": 255, "green": 0, "blue": 0},{"red":0,"green":0,"blue":0},{"red":0,"green":0,"blue":0},{"red":0,"green":0,"blue":0},{"red":0,"green":0,"blue":0}], "regular_mode": 5, "sleep_mode": 9 }, "global_brightness": { "level": 3 } }',
'{ "msi_region_layout_id": { "id": 3 }, "z1_illumination_disabled": 0, "z2_illumination_disabled": 0, "z3_illumination_disabled": 0 }'
);
-- initial bindings to switch between the GS63 configs
INSERT INTO initial_sse_commands (id, command_type, display_name, path, params) VALUES (
106, 'deploy_configs', 'MSI GS63 Default 2', '', '{"configIds":["#INITIALCONFIG_30"]}'
);
INSERT INTO initial_sse_commands (id, command_type, display_name, path, params) VALUES (
107, 'deploy_configs', 'MSI GS63 Default 3', '', '{"configIds":["#INITIALCONFIG_31"]}'
);
INSERT INTO initial_sse_commands (id, command_type, display_name, path, params) VALUES (
108, 'deploy_configs', 'MSI GS63 Default 4', '', '{"configIds":["#INITIALCONFIG_32"]}'
);
INSERT INTO initial_sse_commands (id, command_type, display_name, path, params) VALUES (
109, 'deploy_configs', 'MSI GS63 Default', '', '{"configIds":["#DEFAULTCONFIG_DEVICE_67"]}'
);
-- default config 1 to default config 2, 3, 4
INSERT INTO initial_bindings(id, type, default_config_device_id, immutable_config_id, trigger_data, initial_sse_command_id,transparent_macro_data,playback_options_data,initial_config_id) VALUES (
148, 'sse_command', 67, 0, '{"hidCode":234,"page":1,"type":2,"direction":1}',106,'',
'{ "type": 0, "num_repeat": 1, "repeat_delay": 15}', 0
);
INSERT INTO initial_bindings(id, type, default_config_device_id, immutable_config_id, trigger_data, initial_sse_command_id,transparent_macro_data,playback_options_data,initial_config_id) VALUES (
149, 'sse_command', 67, 0, '{"hidCode":235,"page":1,"type":2,"direction":1}',107,'',
'{ "type": 0, "num_repeat": 1, "repeat_delay": 15}', 0
);
INSERT INTO initial_bindings(id, type, default_config_device_id, immutable_config_id, trigger_data, initial_sse_command_id,transparent_macro_data,playback_options_data,initial_config_id) VALUES (
150, 'sse_command', 67, 0, '{"hidCode":236,"page":1,"type":2,"direction":1}',108,'',
'{ "type": 0, "num_repeat": 1, "repeat_delay": 15}', 0
);
-- default config 2 to default config 1, 3, 4
INSERT INTO initial_bindings(id, type, default_config_device_id, immutable_config_id, trigger_data, initial_sse_command_id,transparent_macro_data,playback_options_data,initial_config_id) VALUES (
151, 'sse_command', 0, 0, '{"hidCode":233,"page":1,"type":2,"direction":1}',109,'',
'{ "type": 0, "num_repeat": 1, "repeat_delay": 15}', 30
);
INSERT INTO initial_bindings(id, type, default_config_device_id, immutable_config_id, trigger_data, initial_sse_command_id,transparent_macro_data,playback_options_data,initial_config_id) VALUES (
152, 'sse_command', 0, 0, '{"hidCode":235,"page":1,"type":2,"direction":1}',107,'',
'{ "type": 0, "num_repeat": 1, "repeat_delay": 15}', 30
);
INSERT INTO initial_bindings(id, type, default_config_device_id, immutable_config_id, trigger_data, initial_sse_command_id,transparent_macro_data,playback_options_data,initial_config_id) VALUES (
153, 'sse_command', 0, 0, '{"hidCode":236,"page":1,"type":2,"direction":1}',108,'',
'{ "type": 0, "num_repeat": 1, "repeat_delay": 15}', 30
);
-- default config 3 to default config 1, 2, 4
INSERT INTO initial_bindings(id, type, default_config_device_id, immutable_config_id, trigger_data, initial_sse_command_id,transparent_macro_data,playback_options_data,initial_config_id) VALUES (
154, 'sse_command', 0, 0, '{"hidCode":233,"page":1,"type":2,"direction":1}',109,'',
'{ "type": 0, "num_repeat": 1, "repeat_delay": 15}', 31
);
INSERT INTO initial_bindings(id, type, default_config_device_id, immutable_config_id, trigger_data, initial_sse_command_id,transparent_macro_data,playback_options_data,initial_config_id) VALUES (
155, 'sse_command', 0, 0, '{"hidCode":234,"page":1,"type":2,"direction":1}',106,'',
'{ "type": 0, "num_repeat": 1, "repeat_delay": 15}', 31
);
INSERT INTO initial_bindings(id, type, default_config_device_id, immutable_config_id, trigger_data, initial_sse_command_id,transparent_macro_data,playback_options_data,initial_config_id) VALUES (
156, 'sse_command', 0, 0, '{"hidCode":236,"page":1,"type":2,"direction":1}',108,'',
'{ "type": 0, "num_repeat": 1, "repeat_delay": 15}', 31
);
-- default config 4 to default config 1, 2, 3
INSERT INTO initial_bindings(id, type, default_config_device_id, immutable_config_id, trigger_data, initial_sse_command_id,transparent_macro_data,playback_options_data,initial_config_id) VALUES (
157, 'sse_command', 0, 0, '{"hidCode":233,"page":1,"type":2,"direction":1}',109,'',
'{ "type": 0, "num_repeat": 1, "repeat_delay": 15}', 32
);
INSERT INTO initial_bindings(id, type, default_config_device_id, immutable_config_id, trigger_data, initial_sse_command_id,transparent_macro_data,playback_options_data,initial_config_id) VALUES (
158, 'sse_command', 0, 0, '{"hidCode":234,"page":1,"type":2,"direction":1}',106,'',
'{ "type": 0, "num_repeat": 1, "repeat_delay": 15}', 32
);
INSERT INTO initial_bindings(id, type, default_config_device_id, immutable_config_id, trigger_data, initial_sse_command_id,transparent_macro_data,playback_options_data,initial_config_id) VALUES (
159, 'sse_command', 0, 0, '{"hidCode":235,"page":1,"type":2,"direction":1}',107,'',
'{ "type": 0, "num_repeat": 1, "repeat_delay": 15}', 32
);

-- 20160121042000_AddRival160.sql

INSERT INTO devices (id, product_id, name, full_name, type, settings, undeployedsettings)
VALUES (69, 272106610, 'rival_160', 'Rival 160', 1,
'{
	"led_on_off": {
		"logo": 1,
		"wheel": 1
	},
	"raw_cpi": {
		"level1": 500,
		"level2": 1000,
		"level3": 2000,
		"level4": 3000
 	},
	"polling_and_resolution_levels": {
		"resolution_1": 2,
		"resolution_2": 4,
		"resolution_3": 8,
		"resolution_4": 12,
		"polling_rate": 0,
		"active_resolution": 4
	},
	"button_mappings": {
		"buttons": [
			{"function": 1,  "key_codes": [0,0,0,0]},
			{"function": 2,  "key_codes": [0,0,0,0]},
			{"function": 3,  "key_codes": [0,0,0,0]},
			{"function": 4,  "key_codes": [0,0,0,0]},
			{"function": 5,  "key_codes": [0,0,0,0]}
		],
		"no_live_deploy": 1
	},
	"wheel_mappings": {
		"wheels": [
			{"function": 49, "key_codes": [0,0,0,0]},
			{"function": 50, "key_codes": [0,0,0,0]}
		],
		"no_live_deploy": 1
	}
}','{}');
INSERT INTO physical_devices(product_id, bootloader_product_id, name, full_name) values(272106610, 272106611, 'rival_160', 'Rival 160');
INSERT INTO devices_to_physical_devices(physical_device_product_id, main_device_product_id) values(272106610, 272106610);

-- Update Schema Version

UPDATE application_metadata SET value = value + 1 where key = 'SCHEMA_VERSION_MINOR';

-- +goose Down
